Date,Open,High,Low,Close,SMAVG5,SMAVG10,SMAVG30,Volume
2000-01-07,1532.63,1539.83,1425.58,1502.52,1503.76,1488.86,1438.25,42730000
2000-01-14,1502.52,1528.51,1480.91,1521.31,1512.4,1496.66,1441.27,32750000
2000-01-21,1521.05,1528.51,1490.43,1496.86,1514.46,1500.06,1444.44,24710000
2000-01-28,1496.6,1511.53,1401.13,1406.54,1490.99,1491.79,1441.9,45840000
2000-02-04,1405.25,1491.97,1396.76,1473.44,1480.13,1491.63,1441.3,38320000
2000-02-11,1471.38,1497.37,1424.81,1437.67,1467.16,1485.46,1439.04,35840000
2000-02-18,1437.16,1456.2,1388.53,1392.9,1441.48,1476.94,1437.56,45450000
2000-02-25,1395.73,1414.52,1370,1377.2,1417.55,1466.01,1436.65,56470000
2000-03-03,1376.69,1455.94,1366.4,1452.08,1426.66,1458.83,1439.14,48880000
2000-03-10,1452.86,1457.34,1388.01,1440.57,1420.09,1450.11,1440.3,57260000
2000-03-17,1439.56,1521.86,1396.63,1512.97,1435.15,1451.16,1443.59,64980000
2000-03-24,1509.92,1599.59,1486.81,1580.54,1472.68,1457.08,1448.77,57490000
2000-03-31,1577.24,1579.53,1517.54,1539.64,1505.16,1461.36,1452.19,40620000
2000-04-07,1538.37,1569.62,1454.04,1553.62,1525.47,1476.07,1456.35,50200000
2000-04-14,1555.14,1568.86,1368.69,1389.52,1515.26,1467.67,1455.69,71240000
2000-04-21,1388.75,1483.5,1363.86,1470.55,1506.77,1470.96,1459.89,50080000
2000-04-28,1465.98,1519.32,1439.81,1483.5,1487.37,1480.02,1464.36,59170000
2000-05-05,1482.49,1516.78,1427.11,1462.17,1471.87,1488.52,1466.28,43200000
2000-05-12,1461.66,1462.93,1404.76,1453.78,1451.9,1488.69,1471.06,34030000
2000-05-19,1452.51,1502.56,1429.65,1437.78,1461.56,1488.41,1473.55,29380000
2000-05-26,1435.75,1446.16,1387.48,1403.49,1448.14,1477.46,1472.49,43000000
2000-06-02,1405.77,1516.02,1403.74,1499.76,1451.4,1469.38,1474.37,29340000
2000-06-09,1500.78,1506.21,1478.18,1485.94,1456.15,1464.01,1475.14,25580000
2000-06-16,1483.94,1508.96,1467.17,1489.44,1463.28,1457.59,1475.15,27910000
2000-06-23,1488.94,1515.72,1458.41,1464.92,1468.71,1465.13,1474.81,27060000
2000-06-30,1464.92,1489.44,1452.41,1469.42,1481.9,1465.02,1473.81,28470000
2000-07-07,1473.68,1503.71,1457.66,1496.2,1481.18,1466.29,1474.42,13180000
2000-07-14,1495.45,1527.48,1487.44,1525.48,1489.09,1472.62,1475.71,24830000
2000-07-21,1524.73,1534.49,1489.94,1490.94,1489.39,1476.34,1474.62,27170000
2000-07-28,1490.69,1500.95,1424.88,1433.39,1483.09,1475.9,1471.47,36330000
2000-08-04,1432.89,1474.93,1430.13,1473.18,1483.84,1482.87,1470.49,24950000
2000-08-11,1472.68,1500.95,1461.92,1479.93,1480.58,1480.88,1469.11,22490000
2000-08-18,1480.68,1509.46,1477.18,1502.2,1475.93,1482.51,1469.29,24000000
2000-08-25,1502.45,1520.47,1496.2,1514.97,1480.73,1485.06,1472.91,18290000
2000-09-01,1514.97,1541.49,1504.46,1524.73,1499,1491.04,1474.62,21100000
2000-09-08,1524.48,1528.23,1492.24,1497.91,1503.95,1493.89,1476.62,15580000
2000-09-15,1496.93,1510.24,1460.44,1462.91,1500.54,1490.56,1478.96,23880000
2000-09-22,1464.63,1469.07,1416.8,1448.11,1489.72,1482.83,1481.32,31970000
2000-09-29,1449.1,1460.44,1418.28,1433.57,1473.45,1477.09,1480.7,38580000
2000-10-06,1433.57,1453.54,1391.91,1406.94,1449.89,1474.44,1479.58,35600000
2000-10-13,1405.46,1406.94,1320.41,1366.27,1423.56,1463.75,1474.69,45090000
2000-10-20,1366.76,1402.26,1305.62,1391.41,1409.26,1454.9,1468.39,40530000
2000-10-27,1391.41,1408.92,1329.78,1381.55,1395.95,1442.84,1463.12,39290000
2000-11-03,1378.59,1425.43,1367.75,1416.31,1392.5,1432.97,1458.54,41240000
2000-11-10,1416.06,1434.8,1351.47,1353.45,1381.8,1415.84,1457.34,34600000
2000-11-17,1350,1385,1316.47,1351.47,1378.84,1401.2,1453.37,47030000
2000-11-24,1350.73,1354.43,1301.92,1327.81,1366.12,1387.69,1448.18,22290000
2000-12-01,1329.78,1348.76,1278.75,1302.17,1350.24,1373.09,1442.85,37030000
2000-12-08,1304.63,1366.79,1295.02,1319.17,1330.81,1361.66,1438.36,45570000
2000-12-15,1347.35,1372.37,1286.13,1288.56,1317.84,1349.82,1433.39,34340000
2000-12-22,1292.45,1328.16,1234.38,1289.29,1305.4,1342.12,1429.58,51360000
2000-12-29,1286.62,1318.2,1281.27,1297.3,1299.3,1332.71,1422.83,26650000
2001-01-05,1293.42,1341.03,1252.36,1267.67,1292.4,1321.32,1415.56,50300000
2001-01-12,1271.31,1306.78,1251.15,1292.69,1287.1,1308.96,1409,35560000
2001-01-19,1291.23,1333.02,1286.13,1310.42,1291.47,1304.65,1403.85,32280000
2001-01-26,1307.99,1340.06,1303.38,1324.76,1298.57,1301.98,1399.02,39670000
2001-02-02,1324.51,1354.64,1314.55,1315.04,1302.11,1300.71,1392.99,40000000
2001-02-09,1316.01,1331.8,1281.51,1284.19,1305.42,1298.91,1384.94,33060000
2001-02-16,1284.43,1304.11,1259.65,1268.64,1300.61,1293.85,1377.53,33160000
2001-02-23,1267.42,1274.47,1182.64,1212.28,1280.98,1286.23,1370.16,58130000
2001-03-02,1215.92,1240.94,1181.18,1200.37,1256.1,1277.33,1361.07,64990000
2001-03-09,1201.34,1234.63,1192.98,1196.35,1232.36,1267.24,1351.62,34660000
2001-03-16,1196.35,1198.75,1113.64,1117.25,1198.98,1252.2,1338.78,115630000
2001-03-23,1120.13,1147.54,1046.32,1109.31,1167.11,1233.86,1325.26,85650000
2001-03-30,1109.07,1148.74,1099.94,1124.46,1149.55,1215.26,1311.92,55030000
2001-04-06,1128.07,1133.6,1056.42,1096.57,1128.79,1192.44,1298.54,74750000
2001-04-13,1094.41,1148.26,1090.08,1146.58,1118.83,1175.6,1288,48880000
2001-04-20,1146.82,1274.24,1122.3,1202.84,1135.95,1167.46,1279.82,72210000
2001-04-27,1203.08,1211.49,1166.29,1210.29,1156.15,1161.63,1272.38,45390000
2001-05-04,1219.43,1229.28,1187.69,1224.48,1176.15,1162.85,1266.3,52990000
2001-05-11,1224.72,1228.08,1195.86,1203.8,1197.6,1163.19,1260.88,38260000
2001-05-18,1204.04,1249.72,1188.65,1245.87,1217.45,1168.14,1256.03,51120000
2001-05-25,1245.87,1268.71,1226.88,1230,1222.89,1179.42,1250.98,47540000
2001-06-01,1231.21,1234.33,1198.99,1216.54,1224.14,1190.14,1244.32,37780000
2001-06-08,1216.06,1239.14,1208.26,1217.8,1222.8,1199.48,1239.8,42350000
2001-06-15,1216.61,1218.52,1156.03,1169.62,1215.97,1206.78,1233.74,53440000
2001-06-22,1169.62,1191.81,1159.61,1178.21,1202.44,1209.95,1228.75,52370000
2001-06-29,1177.26,1188.23,1150.54,1175.06,1191.45,1207.17,1224.51,46610000
2001-07-06,1176.78,1190.85,1138.14,1138.91,1175.92,1200.03,1218.5,29010000
2001-07-13,1139.57,1169.39,1120.02,1168.91,1166.14,1194.47,1214.52,54790000
2001-07-20,1168.19,1174.87,1146.25,1159.13,1164.04,1190.01,1210.18,38880000
2001-07-27,1159.13,1167.24,1114.77,1154.12,1159.23,1180.83,1205.4,53840000
2001-08-03,1154.36,1177.5,1147.68,1163.9,1156.99,1174.22,1201.95,54300000
2001-08-10,1163.66,1164.85,1118.11,1136.47,1156.51,1166.21,1196.74,57890000
2001-08-17,1138.14,1147.44,1104.99,1111.91,1145.11,1155.62,1190.12,51470000
2001-08-24,1111.19,1134.33,1102.13,1132.9,1139.86,1151.95,1183.73,57090000
2001-08-31,1133.13,1137.19,1073.75,1082.81,1125.6,1142.41,1175.99,69340000
2001-09-07,1085.19,1105.23,1032.01,1033.44,1099.5,1128.25,1167.63,100740000
2001-09-14,1034.15,1048.46,1018.41,1045.36,1081.28,1118.9,1160.18,23410000
2001-09-21,988.42,1011.67,890.67,923.41,1043.58,1094.35,1150.56,183190000
2001-09-28,926.5,991.98,923.65,990.56,1015.12,1077.49,1143.56,111930000
2001-10-05,991.03,1032.08,976.32,1017.13,1001.98,1063.79,1137.59,134870000
2001-10-12,1012.62,1049.63,1001,1038.25,1002.94,1051.22,1134.95,103320000
2001-10-19,1037.06,1057.7,1004.79,1017.84,997.44,1039.36,1131.91,99800000
2001-10-26,1017.84,1055.8,1011.44,1045.84,1021.92,1032.75,1129.29,101830000
2001-11-02,1047.03,1047.03,999.57,1033.98,1030.61,1022.86,1127.2,120460000
2001-11-09,1033.74,1079.53,1032.55,1066.24,1040.43,1021.21,1124.52,97710000
2001-11-16,1065.29,1093.53,1040.62,1081.9,1049.16,1026.05,1120.49,96650000
2001-11-23,1082.38,1096.61,1073.36,1094,1064.39,1030.92,1116.61,48090000
2001-11-30,1093.77,1105.39,1067.67,1081.9,1071.61,1046.76,1111.86,84190000
2001-12-07,1079.29,1115.36,1067.9,1101.36,1085.08,1057.84,1108.45,94550000
2001-12-14,1101.36,1103.26,1057.02,1067.92,1085.42,1062.92,1102.51,86630000
2001-12-21,1067.68,1094.46,1063.41,1088.77,1086.79,1067.98,1097.81,76670000
2001-12-28,1088.54,1105.6,1083.32,1098.96,1087.78,1076.09,1093.89,36040000
2002-01-04,1098.96,1116.98,1077.4,1114.13,1094.23,1082.92,1090.43,69160000
2002-01-11,1112.24,1117.21,1085.69,1088.06,1091.57,1088.33,1087.71,68940000
2002-01-18,1087.83,1090.19,1065.78,1070.29,1092.04,1088.73,1084.12,84340000
2002-01-25,1070.52,1080.48,1059.39,1074.32,1089.15,1087.97,1080.76,48890000
2002-02-01,1073.61,1079.77,1024.55,1065.07,1082.37,1085.08,1078.3,108790000
2002-02-08,1064.13,1065.55,1019.57,1039.48,1067.44,1080.84,1073.98,130260000
2002-02-15,1039.95,1066.97,1037.34,1047.3,1059.29,1075.43,1070.25,88380000
2002-02-22,1046.59,1050.38,1017.91,1034.97,1052.23,1072.14,1066.28,98110000
2002-03-01,1035.21,1074.55,1030.47,1073.61,1052.09,1070.62,1063.27,118360000
2002-03-08,1072.18,1112.44,1071.24,1103.22,1059.71,1071.04,1062.16,109350000
2002-03-15,1102.75,1112.44,1090.69,1103.46,1072.51,1069.98,1061.88,82350000
2002-03-22,1102.75,1113.62,1079.34,1087.14,1080.48,1069.88,1060.36,94720000
2002-03-29,1086.67,1094,1071.54,1086.91,1090.87,1071.55,1060.49,74020000
2002-04-05,1083.12,1087.61,1059.72,1064.44,1089.03,1070.56,1061.53,101940000
2002-04-12,1064.92,1072.01,1043.16,1051.68,1078.72,1069.22,1061.74,89210000
2002-04-19,1052.15,1074.14,1040.33,1065.63,1071.16,1071.83,1066.48,81250000
2002-04-26,1066.34,1066.81,1012.19,1013.85,1056.5,1068.49,1067.25,95030000
2002-05-03,1014.08,1033,1005.81,1014.79,1042.08,1066.47,1067.18,95640000
2002-05-10,1015.5,1030.87,989.02,996.82,1028.55,1058.79,1065.8,111050000
2002-05-17,996.82,1048.84,996.35,1045.29,1027.28,1053,1066.71,134370000
2002-05-24,1044.82,1046.47,1017.16,1023.78,1018.91,1045.03,1065.98,72320000
2002-05-31,1024.49,1030.87,997.06,1009.59,1018.05,1037.28,1065.16,77060000
2002-06-07,1008.41,1012.9,955.45,972.47,1009.59,1025.83,1062.04,119050000
2002-06-14,973.42,988.31,924.98,954.27,1001.08,1014.82,1057.78,130350000
2002-06-21,953.33,987.82,930.65,937.27,979.48,1003.38,1052.56,118010000
2002-06-28,937.74,951.68,893.33,935.38,961.8,990.35,1047.67,168440000
2002-07-05,934.43,941.28,883.18,936.32,947.14,982.6,1042.17,104090000
2002-07-12,935.85,940.81,850.82,866.64,925.98,967.78,1035.46,196860000
2002-07-19,866.17,878.45,793.42,797.43,894.61,947.84,1025.75,290070016
2002-07-26,796.25,809.01,728.46,806.65,868.48,923.98,1016.01,388200000
2002-08-02,807.83,865.46,805.46,817.27,844.86,903.33,1006.11,264200000
2002-08-09,817.27,864.28,782.79,857.67,829.13,888.14,998.43,246440000
2002-08-16,856.48,884.36,827.43,876.8,831.16,878.57,991.98,215110000
2002-08-23,877.03,912.7,870.66,889.08,849.49,872.05,985.81,175950000
2002-08-30,888.37,903.73,852.71,865.46,861.26,864.87,979.16,192190000
2002-09-06,862.86,862.86,821.29,845.15,866.83,855.85,972.68,233750000
2002-09-13,843.26,876.33,827.9,842.08,863.71,846.42,965.84,188030000
2002-09-20,842.08,865.46,792,795.78,847.51,839.34,957.86,225640000
2002-09-27,796.96,809.95,765.55,779.72,825.64,837.56,948.07,294260000
2002-10-04,779.72,807.59,748.54,761.29,804.8,833.03,936.67,321520000
2002-10-11,760.35,797.43,724.92,792.24,794.22,830.53,926.3,371780000
2002-10-18,790.58,840.42,781.84,834.52,792.71,828.21,917.88,302870016
2002-10-25,833.34,855.07,824.36,849.16,803.39,825.45,909.95,241360000
2002-11-01,850.58,859.08,818.22,848.93,817.23,821.43,902.77,234200000
2002-11-08,855.78,875.38,841.37,842.31,833.43,819.12,895.79,241220000
2002-11-15,842.78,860.26,822.23,858.85,846.75,820.49,888.9,206450000
2002-11-22,858.85,885.77,843.02,877.51,855.35,824.03,884.35,186340000
2002-11-29,877.74,890.5,860.5,884.36,862.39,832.89,880,133510000
2002-12-06,882.47,902.55,842.55,863.33,865.27,841.25,875.55,235340000
2002-12-13,863.33,867.11,837.81,838.52,864.51,848.97,868.66,180910000
2002-12-20,838.04,861.93,831.19,848.21,862.39,854.57,862.81,175650000
2002-12-27,847.74,854.36,824.09,824.57,851.8,853.57,856.64,73290000
2003-01-03,825.04,861.46,821.02,860.75,847.08,854.73,852.92,140880000
2003-01-10,861.69,882.5,854.83,876.35,849.68,857.48,850.32,191040000
2003-01-17,876.35,886.28,849.16,854.12,852.8,858.66,847.55,177150000
2003-01-24,854.36,858.14,811.09,813.69,845.9,854.14,843.49,209980000
2003-01-31,813.69,820.78,790.75,808.49,842.68,847.24,839.23,264250000
2003-02-07,808.49,817.24,780.58,785.55,827.64,837.36,836.53,235700000
2003-02-14,786.49,797.14,761.67,791.7,810.71,830.19,836.34,245960000
2003-02-21,793.83,807.07,784.84,801.39,800.16,826.48,836.16,161230000
2003-02-28,801.63,804.47,773.02,795.48,796.52,821.21,835.43,221160000
2003-03-07,798.32,806.83,765.21,783.66,791.55,817.12,832.97,223590000
2003-03-14,782.71,797.9,745.82,789.14,792.27,809.96,830.05,287849984
2003-03-21,787.01,848.58,778.72,846.22,803.18,806.94,828.62,327830016
2003-03-28,838.87,838.87,810.93,817.56,806.41,803.29,827.02,258300000
2003-04-04,813.29,841.95,795.77,832.24,813.76,805.14,826.59,250520000
2003-04-11,836.5,857.35,816.14,822.53,821.54,806.55,825.94,255180000
2003-04-18,825.14,855.93,819.93,844.32,832.57,812.42,827.56,176270000
2003-04-25,845.98,871.08,838.4,851.19,833.57,818.37,829.94,230180000
2003-05-02,851.66,881.27,848.11,878.66,845.79,826.1,833.85,248400000
2003-05-09,878.19,890.03,869.9,883.16,855.97,834.87,836.88,195920000
2003-05-16,884.11,899.74,879.37,894.53,870.37,845.95,838.88,190080000
2003-05-23,892.16,892.16,863.27,883.16,878.14,855.36,840.02,213180000
2003-05-30,883.16,915.13,878.19,912.53,890.41,861.99,842.14,185020000
2003-06-06,913,955.4,912.77,935.74,901.82,873.81,845.25,246520000
2003-06-13,934.32,951.85,921.06,937.62,912.72,884.34,847.88,191290000
2003-06-20,937.39,963.47,934.78,940.47,921.91,896.14,849.97,193920000
2003-06-27,941.18,941.66,920.08,923.16,929.9,904.02,851.27,206220000
2003-07-04,924.35,943.08,910.83,931.93,933.79,912.1,853.55,150830000
2003-07-11,933.12,958.02,931.46,945.92,935.82,918.82,857.13,191150000
2003-07-18,945.92,962.52,926.48,939.52,936.2,924.46,860.18,230640000
2003-07-25,940.23,946.87,923.4,945.45,937.2,929.55,864.21,206960000
2003-08-01,946.64,952.33,926.72,929.09,938.38,934.14,866.49,224870000
2003-08-08,928.85,934.3,908.93,927.67,937.53,935.66,868.2,239390000
2003-08-15,927.67,942.37,922.69,939.52,936.25,936.04,871.04,162990000
2003-08-22,939.05,960.15,938.81,941.42,936.63,936.42,875.3,182220000
2003-08-29,940.71,957.31,931.93,955.88,938.72,937.96,880.21,143720000
2003-09-05,956.36,976.75,952.8,969.64,946.83,942.6,886.35,155850000
2003-09-12,969.16,981.49,954.93,965.61,954.42,945.97,892.15,194950000
2003-09-19,965.85,986.99,960.86,981.29,962.77,949.51,898.14,156030000
2003-09-26,980.1,980.1,944.24,944.71,963.43,950.03,903.12,207040000
2003-10-03,945.43,986.04,938.3,977.01,967.65,953.18,909.56,266840000
2003-10-10,975.59,994.82,972.97,988.41,971.41,959.12,916.21,156620000
2003-10-17,988.41,1002.9,982.95,985.8,975.44,964.93,920.86,167830000
2003-10-24,985.56,996.96,965.38,978.44,974.87,968.82,926.22,186860000
2003-10-31,976.77,1001.71,975.82,996.96,985.32,974.38,931.71,163440000
2003-11-07,994.82,1011.21,991.02,997.91,989.5,978.58,937.56,162850000
2003-11-14,998.62,1010.97,989.36,996.49,991.12,981.26,942.63,159300000
2003-11-21,995.54,996.01,978.67,984.37,990.83,983.14,947.07,199120000
2003-11-28,983.9,1007.17,983.42,1004.8,996.11,985.49,951.27,110140000
2003-12-05,1005.99,1020.47,1002.9,1009.07,998.53,991.93,955.47,178140000
2003-12-12,1007.89,1020.96,1000.29,1020.01,1002.95,996.23,959.65,192680000
2003-12-19,1033.33,1036.89,1013.35,1032.38,1010.13,1000.62,964.63,166060000
2003-12-26,1029.52,1043.31,1027.62,1039.98,1021.25,1006.04,968.88,68760000
2004-01-02,1039.98,1063.28,1039.51,1054.73,1031.23,1013.67,972.84,111720000
2004-01-09,1054.49,1075.65,1054.49,1065.19,1042.46,1020.49,977.09,169800000
2004-01-16,1064.71,1083.26,1059.24,1082.31,1054.92,1028.93,981.82,188370000
2004-01-23,1082.07,1093.01,1077.31,1084.45,1065.33,1037.73,987.2,140510000
2004-01-30,1084.21,1098.47,1065.9,1074.7,1072.27,1046.76,991.96,209860000
2004-02-06,1074.94,1086.35,1067.09,1083.26,1077.98,1054.61,996.54,176880000
2004-02-13,1083.49,1102.04,1081.83,1089.68,1082.88,1062.67,1001.54,168350000
2004-02-20,1089.44,1102.04,1082.07,1087.77,1083.97,1069.44,1006.28,150570000
2004-02-27,1088.01,1095.62,1077.79,1088.49,1084.78,1075.05,1011.6,180520000
2004-03-05,1088.25,1106.8,1087.3,1101.09,1090.06,1081.16,1017.38,180160000
2004-03-12,1101.33,1103.23,1048.05,1064.23,1086.25,1082.12,1021.54,290329984
2004-03-19,1063.52,1073.04,1048.05,1054,1079.12,1081,1025.29,268380000
2004-03-26,1054.24,1060.43,1032.58,1052.81,1072.13,1078.05,1028.52,255890000
2004-04-02,1052.81,1089.94,1052.81,1087.08,1071.84,1078.31,1032.43,227920000
2004-04-09,1086.6,1098.98,1078.51,1084.7,1068.57,1079.31,1036.4,151610000
2004-04-16,1084.22,1094.7,1065.19,1079.47,1071.61,1078.93,1039.68,250370000
2004-04-23,1078.04,1087.32,1059.71,1084.7,1077.75,1078.43,1044.34,223500000
2004-04-30,1083.51,1091.13,1050.67,1052.81,1077.75,1074.94,1046.87,247640000
2004-05-07,1052.1,1073.28,1041.86,1042.82,1068.9,1070.37,1048.68,235360000
2004-05-14,1042.34,1049.48,1023.54,1042.1,1060.38,1064.47,1050.56,326260000
2004-05-21,1041.39,1052.57,1026.4,1039.96,1052.48,1062.05,1052.61,225930000
2004-05-28,1040.2,1070.42,1037.58,1066.38,1048.81,1063.28,1054.92,197370000
2004-06-04,1067.57,1075.18,1059,1069.23,1052.1,1064.92,1057.3,152340000
2004-06-11,1068.52,1088.03,1068.52,1082.09,1059.95,1064.43,1060.15,123070000
2004-06-18,1079.7,1085.18,1068.28,1079.94,1067.52,1063.95,1063.34,159010000
2004-06-25,1080.66,1091.61,1070.18,1081.13,1075.75,1064.12,1065.88,170140000
2004-07-02,1082.56,1091.13,1068.75,1072.09,1076.9,1062.85,1067.99,214730000
2004-07-09,1072.09,1075.18,1055.18,1059.71,1074.99,1063.54,1069.31,141470000
2004-07-16,1060.66,1066.37,1047.56,1050.18,1068.61,1064.28,1069.9,196060000
2004-07-23,1050.42,1062.8,1030.66,1033.75,1059.37,1063.45,1069.69,265440000
2004-07-30,1033.99,1051.37,1025.66,1048.52,1052.85,1064.3,1069.49,261030000
2004-08-06,1045.66,1055.42,1010.18,1012.8,1040.99,1058.94,1067.74,246230000
2004-08-13,1013.52,1027.33,1009.47,1015.42,1032.14,1053.56,1065.51,238300000
2004-08-20,1014.71,1048.04,1010.42,1046.37,1031.37,1049.99,1064.24,214650000
2004-08-27,1045.18,1056.85,1040.18,1055.42,1035.71,1047.54,1063.6,154550000
2004-09-03,1054.71,1067.8,1042.09,1061.37,1038.28,1045.56,1062.87,197070000
2004-09-10,1061.61,1072.08,1060.18,1069.94,1049.71,1045.35,1062.21,132620000
2004-09-17,1069.94,1077.08,1066.13,1074.7,1061.56,1046.85,1061.78,168690000
2004-09-24,1074.46,1078.03,1053.76,1058.04,1063.9,1047.63,1060.76,206420000
2004-10-01,1057.8,1078.98,1048.29,1078.75,1068.56,1052.13,1060.02,221690000
2004-10-08,1077.08,1088.74,1066.37,1068.04,1069.89,1054.09,1060.14,204340000
2004-10-15,1068.04,1073.27,1049,1054.95,1066.89,1058.3,1060.18,244580000
2004-10-22,1055.42,1064.71,1041.15,1043.29,1060.61,1061.09,1059.86,259050000
2004-10-29,1042.81,1077.56,1035.67,1075.89,1064.18,1064.04,1059.49,275729984
2004-11-05,1073.27,1115.39,1072.08,1111.59,1070.75,1069.66,1060.38,288860000
2004-11-12,1110.87,1127.77,1106.35,1125.87,1082.32,1076.1,1061.93,218210000
2004-11-19,1126.1,1132.53,1113.01,1115.87,1094.5,1080.7,1062.97,216570000
2004-11-26,1115.63,1130.39,1110.4,1123.96,1110.63,1085.62,1065.34,124770000
2004-12-03,1123.72,1140.86,1115.87,1132.05,1121.87,1093.02,1068.31,275430016
2004-12-10,1132.05,1136.1,1117.08,1132.28,1126.01,1098.38,1071.32,237870000
2004-12-17,1132.52,1150.33,1132.28,1138.46,1128.52,1105.42,1074.6,250050000
2004-12-24,1137.74,1155.8,1135.61,1151.28,1135.61,1115.05,1077.43,137560000
2004-12-31,1151.76,1158.88,1147.01,1153.18,1141.45,1126.04,1080.23,126920000
2005-01-07,1152.95,1160.31,1123.73,1127.06,1140.45,1131.16,1081.73,295300000
2005-01-14,1127.77,1137.03,1117.55,1124.68,1138.93,1132.47,1083.22,292289984
2005-01-21,1125.87,1137.98,1109,1110.19,1133.28,1130.9,1084.19,247740000
2005-01-28,1111.62,1119.22,1106.15,1116.13,1126.25,1130.93,1085.66,301830016
2005-02-04,1118.03,1144.39,1118.03,1142.02,1124.02,1132.73,1088.4,257940000
2005-02-11,1142.73,1149.62,1132.28,1146.77,1127.96,1134.2,1091.62,240360000
2005-02-18,1147.48,1152.95,1137.74,1142.26,1131.47,1135.2,1095.24,236490000
2005-02-25,1141.31,1152.71,1124.44,1151.52,1139.74,1136.51,1098.67,279649984
2005-03-04,1151.52,1164.58,1138.46,1163.16,1149.15,1137.7,1103.68,299510016
2005-03-11,1164.58,1168.38,1138.25,1141.09,1148.96,1136.49,1107.87,285520000
2005-03-18,1141.33,1151.27,1123.11,1127.13,1145.03,1136.49,1110.56,300180000
2005-03-25,1127.84,1129.97,1106.3,1112.69,1139.12,1135.3,1112.47,278729984
2005-04-01,1113.17,1129.73,1104.41,1114.82,1131.78,1135.76,1114.26,345329984
2005-04-08,1114.35,1131.86,1108.2,1120.27,1123.2,1136.17,1115.93,286520000
2005-04-15,1119.56,1129.49,1081.93,1082.4,1111.46,1130.21,1116.19,432200000
2005-04-22,1082.88,1101.57,1075.07,1095.42,1105.12,1125.08,1117.44,460870016
2005-04-29,1095.18,1103.94,1079.33,1096.6,1101.9,1120.51,1118.03,391470016
2005-05-06,1095.89,1119.08,1093.76,1108.67,1100.67,1116.23,1119.38,392390016
2005-05-13,1109.85,1117.66,1085.48,1094.95,1095.61,1109.4,1120.72,392070016
2005-05-20,1094.95,1129.26,1093.05,1126.66,1104.46,1107.96,1123.5,298100000
2005-05-27,1127.13,1136.36,1122.87,1136.12,1112.6,1108.86,1125.5,218980000
2005-06-03,1135.88,1142.51,1127.84,1134.46,1120.17,1111.04,1126.27,216360000
2005-06-10,1134.23,1145.11,1127.62,1134.93,1125.42,1113.05,1126.57,246720000
2005-06-17,1134.93,1154.96,1130.92,1150.48,1136.53,1116.07,1127.72,237820000
2005-06-24,1150.48,1154.72,1124.79,1127.15,1136.63,1120.54,1127.83,250990000
2005-07-01,1126.91,1139.4,1124.09,1131.16,1135.63,1124.12,1127.8,248930000
2005-07-08,1131.16,1147.42,1103.58,1146.71,1138.08,1129.13,1128.28,273440000
2005-07-15,1146.71,1166.5,1145.77,1160.61,1143.22,1134.32,1129.02,264150000
2005-07-22,1159.91,1174.52,1153.78,1166.03,1146.33,1141.43,1129.51,342710016
2005-07-29,1165.8,1177.11,1159.91,1165.8,1154.06,1145.34,1129.93,256610000
2005-08-05,1168.15,1176.87,1156.84,1159.2,1159.67,1147.65,1131,231140000
2005-08-12,1159.2,1173.81,1154.01,1160.38,1162.4,1150.24,1132.19,282590016
2005-08-19,1160.14,1167.92,1146.94,1153.54,1160.99,1152.11,1133.64,264520000
2005-08-26,1153.07,1160.38,1135.63,1136.81,1155.15,1150.74,1134.33,303460000
2005-09-02,1134.45,1158.26,1125.5,1149.77,1151.94,1153,1134.58,355790016
2005-09-09,1149.54,1172.35,1149.3,1170.71,1154.24,1156.96,1135.38,182220000
2005-09-16,1170.95,1173.06,1154.07,1164.85,1155.14,1158.77,1136.14,295800000
2005-09-23,1165.09,1165.56,1135.32,1144.46,1153.32,1157.16,1135.9,376870016
2005-09-30,1147.74,1158.99,1140.24,1157.35,1157.43,1156.29,1135.71,309769984
2005-10-07,1158.29,1161.81,1111.87,1125.24,1152.52,1152.23,1135.18,434750016
2005-10-14,1124.77,1129.46,1098.75,1115.86,1141.55,1147.9,1134.8,416590016
2005-10-21,1115.62,1126.17,1100.62,1110,1130.58,1142.86,1134.71,489270016
2005-10-28,1110,1132.03,1106.01,1125,1126.69,1140.01,1135.05,373390016
2005-11-04,1125,1151.26,1124.77,1145.86,1124.39,1140.91,1135.91,365900000
2005-11-11,1146.33,1161.57,1141.41,1160.87,1131.52,1142.02,1138.52,260620000
2005-11-18,1160.87,1174.23,1151.96,1172.35,1142.82,1142.18,1141.09,293980000
2005-11-25,1172.35,1193.69,1170.71,1190.87,1158.99,1144.79,1144.23,182590000
2005-12-02,1190.64,1193.69,1172.59,1187.12,1171.42,1149.05,1146.84,274660000
2005-12-09,1187.12,1195.09,1173.33,1181.02,1178.45,1151.42,1149.71,297500000
2005-12-16,1181.95,1197.33,1177.53,1187.31,1183.74,1157.63,1151.73,303580000
2005-12-23,1188.24,1192.43,1178.46,1189.41,1187.15,1164.98,1153.51,207460000
2005-12-30,1189.87,1193.6,1165.88,1169.14,1182.8,1170.9,1154.67,152950000
2006-01-06,1169.61,1204.78,1166.11,1203.61,1186.1,1178.76,1156.96,235850000
2006-01-13,1203.15,1212.23,1199.89,1204.55,1190.8,1184.63,1158.76,223500000
2006-01-20,1204.55,1206.88,1177.99,1178.46,1189.03,1186.38,1160.47,320729984
2006-01-27,1178.92,1202.45,1176.13,1201.29,1191.41,1189.28,1162.81,345080000
2006-02-03,1201.05,1203.61,1177.29,1179.16,1193.41,1188.11,1163.89,340100000
2006-02-10,1179.39,1190.57,1170.07,1181.72,1189.03,1187.57,1164.59,302710016
2006-02-17,1181.72,1204.55,1174.5,1201.05,1188.33,1189.57,1165.76,330169984
2006-02-24,1200.35,1207.81,1195.46,1204.78,1193.6,1191.32,1167.06,169040000
2006-03-03,1204.78,1211.07,1192.67,1198.72,1193.09,1192.25,1168.38,293080000
2006-03-10,1198.96,1203.15,1182.18,1195.2,1196.3,1194.85,1169.54,303070016
2006-03-17,1194.97,1221.55,1194.51,1217.85,1203.52,1196.28,1171.68,283409984
2006-03-24,1217.85,1221.55,1206.07,1213.46,1206,1197.17,1174.24,274649984
2006-03-31,1213.69,1219.47,1201.91,1204.68,1205.98,1199.79,1176.07,309660000
2006-04-07,1208.15,1223.86,1202.83,1205.37,1207.31,1200.2,1177.22,305160000
2006-04-14,1205.14,1209.76,1191.74,1196.36,1207.55,1201.92,1178.27,208480000
2006-04-21,1196.36,1224.55,1189.2,1217.39,1207.45,1205.49,1180.7,402520000
2006-04-28,1216.7,1222.01,1201.91,1216.47,1208.05,1207.03,1182.67,384640000
2006-05-05,1218.78,1230.56,1208.15,1228.48,1212.81,1209.4,1186.11,280470016
2006-05-12,1228.71,1230.33,1195.67,1196.36,1211.01,1209.16,1188.8,296689984
2006-05-19,1191.51,1203.06,1163.08,1174.64,1206.67,1207.11,1190.95,503260000
2006-05-26,1174.64,1186.19,1152.45,1185.73,1200.34,1203.89,1192.98,513280000
2006-06-02,1182.96,1196.13,1161,1190.81,1195.2,1201.63,1194.47,324820000
2006-06-09,1190.35,1191.05,1141.76,1156.19,1180.75,1196.78,1194.32,625689984
2006-06-16,1156.19,1164.67,1126.4,1154.82,1172.44,1191.72,1193.73,673990016
2006-06-23,1155.73,1162.61,1143.13,1150.69,1167.65,1187.16,1192.39,365500000
2006-06-30,1150.92,1179.79,1142.44,1172.69,1165.04,1182.69,1191.91,335040000
2006-07-07,1174.75,1182.31,1164.9,1168.56,1160.59,1177.9,1191.5,226510000
2006-07-14,1168.11,1176.58,1131.9,1138.55,1157.06,1168.9,1189.87,423030016
2006-07-21,1139.24,1163.07,1128.24,1140.84,1154.27,1163.35,1188.25,553470016
2006-07-28,1140.61,1178.65,1139.69,1177.04,1159.54,1163.59,1188.52,442350016
2006-08-04,1176.58,1189.42,1164.21,1178.65,1160.73,1162.88,1187.69,339649984
2006-08-11,1178.42,1180.71,1157.11,1166.04,1160.22,1160.41,1186.4,332070016
2006-08-18,1167.88,1198.58,1164.67,1197.89,1172.09,1164.58,1187.05,327329984
2006-08-25,1197.44,1197.66,1183.69,1189.19,1181.76,1168.01,1186.65,269350016
2006-09-01,1189.42,1204.31,1186.44,1202.93,1186.94,1173.24,1187.44,251940000
2006-09-08,1202.25,1206.83,1185.06,1190.77,1189.36,1175.05,1187.74,237560000
2006-09-15,1191.22,1214.62,1183.5,1210.53,1198.26,1179.24,1188.06,335870016
2006-09-22,1209.85,1217.57,1200.31,1204.85,1199.65,1185.87,1188.06,386420000
2006-09-29,1204.62,1227.11,1200.76,1222.57,1206.33,1194.05,1188.85,355350016
2006-10-06,1222.8,1238.7,1213.94,1234.61,1212.66,1199.8,1190.17,332100000
2006-10-13,1233.7,1249.15,1227.57,1248.01,1224.11,1206.74,1191.17,314830016
2006-10-20,1247.78,1254.14,1239.38,1249.37,1231.88,1215.07,1192.37,332680000
2006-10-27,1249.15,1270.27,1244.83,1258.23,1242.56,1221.11,1194.15,347440000
2006-11-03,1257.78,1260.73,1240.74,1243.47,1246.74,1226.53,1195.42,336070016
2006-11-10,1243.92,1266.41,1242.33,1258.23,1251.46,1232.06,1197.49,359140000
2006-11-17,1258.46,1279.36,1256.19,1276.41,1257.14,1240.63,1199.45,365769984
2006-11-24,1276.63,1282.31,1271.18,1274.82,1262.23,1247.06,1201.4,197070000
2006-12-01,1274.59,1280.04,1252.55,1272.54,1265.09,1253.83,1202.87,492920000
2006-12-08,1271.41,1290.26,1270.05,1281.39,1272.68,1259.71,1205.7,357009984
2006-12-15,1281.62,1301.89,1276.66,1295.81,1280.19,1265.83,1209.74,308460000
2006-12-22,1295.81,1300.99,1279.14,1279.59,1280.83,1268.99,1212.87,266280000
2006-12-29,1280.27,1296.26,1279.81,1287.02,1283.27,1272.75,1216.08,155200000
2007-01-05,1291.3,1297.38,1274.18,1276.21,1284,1274.55,1220.08,241180000
2007-01-12,1276.89,1298.74,1272.38,1298.06,1287.34,1280.01,1224.85,333070016
2007-01-19,1298.28,1301.44,1289.28,1294.46,1287.07,1283.63,1229.64,221840000
2007-01-26,1294.91,1303.92,1281.17,1286.12,1288.37,1284.6,1233.43,320380000
2007-02-02,1286.57,1310.67,1282.29,1309.1,1292.79,1288.03,1238.11,347470016
2007-02-09,1308.65,1313.38,1294.68,1300.09,1297.56,1290.78,1243.49,308270016
2007-02-16,1299.86,1316.98,1292.88,1314.5,1300.85,1294.1,1249.28,274409984
2007-02-23,1314.05,1319.68,1306.84,1309.77,1303.92,1295.49,1253.71,271990016
2007-03-02,1310,1315.18,1244,1248.51,1296.39,1292.38,1256.04,898089984
2007-03-09,1249.63,1273.66,1233.19,1265.85,1287.74,1290.27,1259.36,629020032
2007-03-16,1265.85,1270.98,1228.12,1249.33,1277.59,1287.58,1261.08,757350016
2007-03-23,1248.21,1295.76,1245.53,1292.19,1273.13,1286.99,1264.51,526450016
2007-03-30,1291.52,1294.2,1266.29,1278.13,1266.8,1285.36,1267.02,635100032
2007-04-06,1278.57,1302.91,1273.22,1297.33,1276.56,1286.48,1270.57,272860000
2007-04-13,1301.35,1305.36,1287.95,1304.92,1284.38,1286.06,1273.72,416000000
2007-04-20,1305.14,1333.72,1304.69,1333.27,1301.17,1289.38,1278,507510016
2007-04-27,1333.05,1343.99,1321.88,1341.31,1310.99,1292.06,1281.95,498190016
2007-05-04,1340.41,1354.7,1323.67,1352.25,1325.81,1296.31,1285.88,506940000
2007-05-11,1351.35,1356.49,1335.95,1350.46,1336.44,1306.5,1289.29,515300000
2007-05-18,1350.24,1364.75,1341.98,1364.53,1348.36,1316.37,1293.13,604449984
2007-05-25,1364.08,1371.45,1346.44,1354.93,1352.69,1326.93,1296.35,585990016
2007-06-01,1355.15,1377.92,1350.68,1374.8,1359.39,1335.19,1300.73,438849984
2007-06-08,1374.57,1377.7,1321.52,1346.5,1358.24,1342.03,1303.67,779729984
2007-06-15,1345.84,1374.36,1329.92,1368.84,1361.92,1349.18,1306.75,832790016
2007-06-22,1368.17,1374.58,1338.54,1344.74,1357.96,1353.16,1309.08,787449984
2007-06-29,1343.63,1353.36,1319.53,1340.31,1355.04,1353.87,1311.34,1000000000
2007-07-06,1340.09,1365.52,1339.65,1364.19,1352.92,1356.15,1314.1,327790016
2007-07-13,1363.97,1384.75,1340.09,1379.67,1359.55,1358.9,1316.9,674000000
2007-07-20,1379.89,1385.2,1359.55,1366.4,1359.06,1360.49,1319.79,853230016
2007-07-27,1365.3,1376.35,1288.8,1289.46,1348.01,1352.98,1319.87,1530000000
2007-08-03,1291.23,1322.85,1270.22,1276.19,1335.18,1345.11,1319.87,1720000000
2007-08-10,1273.1,1335.89,1266.69,1283.27,1319,1335.96,1319.38,1650000000
2007-08-17,1286.36,1302.28,1215.61,1282.39,1299.54,1329.55,1318.98,1700000000
2007-08-24,1281.28,1312.45,1268.68,1312.01,1288.66,1323.86,1319.84,850360000
2007-08-31,1311.79,1313.12,1268.9,1306.04,1291.98,1319.99,1319.74,917760000
2007-09-07,1305.38,1325.94,1282.61,1291.01,1294.94,1315.06,1319.44,649649984
2007-09-14,1289.9,1318.53,1274.2,1313.05,1300.9,1309.95,1319.39,780040000
2007-09-21,1312.39,1360.38,1301.66,1345.04,1313.43,1306.49,1320.56,884060032
2007-09-28,1343.95,1354.69,1331.24,1348.11,1320.65,1304.66,1323.88,653420032
2007-10-05,1350.3,1379.23,1345.7,1376.82,1334.81,1313.39,1327.58,591649984
2007-10-12,1376.38,1390.84,1364.11,1380.11,1352.63,1323.79,1331.94,625120000
2007-10-19,1380.11,1381.42,1319.19,1319.84,1353.99,1327.44,1332.86,989990016
2007-10-26,1319.41,1352.71,1308.23,1352.06,1355.39,1334.41,1335.33,1180000000
2007-11-02,1351.62,1366.3,1311.96,1330.14,1351.79,1336.22,1336.42,1130000000
2007-11-09,1328.61,1337.59,1272.51,1275.36,1331.5,1333.15,1335.44,1360000000
2007-11-16,1275.36,1311.96,1259.8,1279.96,1311.47,1332.05,1333.66,1240000000
2007-11-23,1279.96,1284.78,1242.05,1263.97,1300.3,1327.14,1331.08,1020000000
2007-11-30,1263.97,1308.01,1232.63,1300.56,1290,1322.69,1329.36,1190000000
2007-12-07,1300.78,1328.17,1281.93,1321.16,1288.2,1320,1328.38,757619968
2007-12-14,1320.5,1338.47,1286.67,1287.11,1290.55,1311.03,1325.8,1090000000
2007-12-21,1286.45,1304.95,1258.6,1304.08,1295.37,1303.42,1324.11,982659968
2007-12-28,1303.21,1315.4,1289.28,1293.2,1301.22,1300.76,1321.39,352100000
2008-01-04,1292.98,1296.25,1234,1238.79,1288.87,1289.43,1317.8,670529984
2008-01-11,1238.36,1251.63,1205.71,1225.51,1269.74,1278.97,1313.02,1470000000
2008-01-18,1226.17,1240.1,1145.42,1153.69,1243.06,1266.8,1306.65,1540000000
2008-01-25,1155.87,1193.3,1092.97,1161.31,1214.5,1254.94,1300.68,1480000000
2008-02-01,1163.05,1217.03,1140.64,1216.16,1199.09,1250.16,1295.75,1270000000
2008-02-08,1215.94,1218.77,1142.81,1158.05,1182.94,1235.91,1288.36,1180000000
2008-02-15,1157.39,1193.96,1149.34,1176.33,1173.11,1221.42,1282.03,996520000
2008-02-22,1175.24,1192.43,1155.22,1180.03,1178.37,1210.72,1278.38,772440000
2008-02-29,1179.16,1210.06,1153.69,1158.92,1177.9,1196.2,1274.47,994470016
2008-03-07,1157.39,1170.89,1116.26,1125.4,1159.74,1179.42,1269.21,1320000000
2008-03-14,1124.75,1161.53,1107.56,1123.9,1152.92,1167.93,1263.92,1640000000
2008-03-21,1120.86,1168.02,1089.13,1151.5,1147.95,1160.53,1258.57,1330000000
2008-03-28,1152.8,1183.44,1141.94,1146.5,1141.24,1159.81,1253.26,1010000000
2008-04-04,1146.5,1206.48,1138.24,1192.57,1147.98,1162.94,1249.97,1010000000
2008-04-11,1193.01,1207.35,1157.59,1160.84,1155.06,1157.4,1244.9,914870016
2008-04-18,1160.63,1215.39,1151.72,1206.48,1171.58,1162.25,1240.28,920419968
2008-04-25,1207.35,1217.56,1189.09,1214.3,1184.14,1166.04,1235.82,894230016
2008-05-02,1215.82,1240.38,1201.48,1230.6,1200.96,1171.1,1230.95,808390016
2008-05-09,1228.64,1237.77,1201.05,1207.35,1203.91,1175.95,1225.19,828030016
2008-05-16,1206.04,1242.55,1204.96,1239.29,1219.6,1187.33,1222.5,863129984
2008-05-23,1238.86,1252.55,1193.22,1193.88,1217.08,1194.33,1217.23,949240000
2008-05-30,1194.53,1222.99,1191.27,1217.34,1217.69,1200.92,1213.47,640899968
2008-06-06,1217.56,1226.47,1180.84,1181.71,1207.91,1204.44,1210.35,1320000000
2008-06-13,1181.05,1192.14,1156.94,1179.94,1202.43,1203.17,1207.02,1270000000
2008-06-20,1179.28,1190.57,1141.32,1144.57,1183.49,1201.55,1203.04,1240000000
2008-06-27,1146.09,1160.84,1104.44,1110.73,1166.86,1191.97,1196.71,1320000000
2008-07-04,1112.25,1123.53,1086.22,1097.72,1142.93,1180.31,1189.26,1180000000
2008-07-11,1092.08,1109.65,1063.44,1075.8,1121.75,1164.83,1182.22,2000000000
2008-07-18,1076.02,1095.98,1041.96,1093.81,1104.53,1153.48,1175.21,1840000000
2008-07-25,1092.73,1120.49,1082.31,1087.95,1093.2,1138.35,1168.37,1300000000
2008-08-01,1089.25,1119.41,1068.65,1093.59,1089.78,1128.32,1163.53,1350000000
2008-08-08,1094.46,1126.35,1081.45,1121.36,1094.5,1118.72,1160.05,1160000000
2008-08-15,1120.71,1139.8,1105.96,1127.87,1104.92,1113.34,1159.19,1140000000
2008-08-22,1127.65,1133.29,1093.81,1121.36,1110.43,1107.48,1157.86,940769984
2008-08-29,1120.28,1128.09,1095.55,1112.9,1115.42,1104.31,1154.42,858830016
2008-09-05,1112.47,1131.12,1055.63,1076.89,1112.08,1100.93,1151.71,1130000000
2008-09-12,1096.41,1112.47,1050.88,1090.97,1106,1100.25,1148.87,1710000000
2008-09-19,1070.6,1119.36,984.99,1080.13,1096.45,1100.68,1145.54,2969999872
2008-09-26,1078.4,1083.82,1023.14,1052.83,1082.74,1096.59,1142,1500000000
2008-10-03,1057.59,1058.68,955.74,960.72,1052.31,1083.86,1136.51,1950000000
2008-10-10,956.82,957.04,725.58,772.39,991.41,1051.74,1124.8,3280000000
2008-10-17,788.43,924.96,750.07,809.23,935.06,1020.53,1113.39,2670000128
2008-10-24,812.7,860.6,728.4,750.72,869.18,982.81,1100.2,2369999872
2008-10-31,749.2,853.01,715.18,838.49,826.31,954.53,1088.39,2400000000
2008-11-07,837.19,874.25,777.59,811.62,796.49,924.4,1076.75,1800000000
2008-11-14,815.73,834.37,708.02,746.82,791.38,891.39,1061.43,2470000128
2008-11-21,747.25,764.37,640.62,686.57,766.84,850.95,1043.84,3030000128
2008-11-28,694.37,777.59,678.98,776.07,771.91,820.55,1028.69,1470000000
2008-12-05,778.03,778.03,704.77,756.35,755.49,790.9,1013.65,2280000000
2008-12-12,756.14,796.88,718.83,768.05,746.77,771.63,997.95,1960000000
2008-12-19,766.32,796.46,742.68,764.37,750.28,770.83,983.63,1600000000
2008-12-26,766.97,773.26,739.65,753.74,763.72,765.28,968.18,602880000
2009-01-02,753.74,809.03,740.08,802.75,769.05,770.48,955.54,718760000
2009-01-09,802.1,817.71,765.67,768.05,771.39,763.44,941.81,1450000000
2009-01-16,767.62,768.05,704.95,735.96,764.97,755.87,928.19,2000000000
2009-01-23,738.78,750.92,691.72,714.27,754.95,752.62,914.98,1600000000
2009-01-30,714.27,759.81,703.22,713.41,746.89,755.3,902.17,1600000000
2009-02-06,714.49,753.96,699.31,752.66,736.87,752.96,891.4,1670000000
2009-02-13,752.87,757.21,698.66,711.24,725.51,748.45,878.64,1860000000
2009-02-20,706.03,710.15,652.69,667.44,711.8,738.39,864.63,1640000000
2009-02-27,667.87,682.18,632.74,636.86,696.32,725.64,849.4,2100000000
2009-03-06,634.26,636.43,577.45,596.53,672.95,709.92,831.91,2310000128
2009-03-13,597.4,660.66,581.78,657.39,653.89,695.38,816.23,1890000000
2009-03-20,654.12,698.34,649.99,665.67,644.78,685.14,801.04,1990000000
2009-03-27,668.07,723.61,666.98,710.98,653.49,682.64,787.64,1940000000
2009-04-03,707.93,735.81,675.69,732.32,672.58,684.45,776.15,1830000000
2009-04-10,731.89,744.52,699,742.78,701.83,687.39,764.55,1020000000
2009-04-17,739.51,759.77,724.48,755.19,721.39,687.64,753.72,1350000000
2009-04-24,754.11,756.94,717.08,754.98,739.25,692.01,743.79,1550000000
2009-05-01,752.15,772.84,730.58,763.25,749.71,701.6,737.21,1390000000
2009-05-08,763.25,809.87,763.25,805.73,764.39,718.48,738.32,1440000000
2009-05-15,802.46,804.21,763.91,769.35,769.7,735.77,736.99,1330000000
2009-05-22,768.7,804.64,762.6,771.1,772.88,747.14,737.67,1160000000
2009-05-29,771.1,808.34,763.91,799.85,781.86,760.55,736.38,1030000000
2009-06-05,801.81,834.26,798.54,819.45,793.1,771.4,736.64,1240000000
2009-06-12,818.58,833.67,806.38,823.17,796.58,780.49,739.18,1220000000
2009-06-19,821.2,821.42,786.86,801.3,802.97,786.34,743.01,1100000000
2009-06-26,800.2,804.36,773.73,799.77,808.71,790.79,743.8,1100000000
2009-07-03,798.89,812.23,781.17,781.61,805.06,793.46,744.64,782720000
2009-07-10,780.51,785.98,757.11,764.98,794.16,793.63,744.54,956899968
2009-07-17,765.42,823.17,757.33,819.89,793.51,795.05,746.39,989580032
2009-07-24,819.89,856.64,817.05,855.55,804.36,803.67,749.78,990760000
2009-07-31,854.89,869.77,843.52,861.45,816.7,812.7,751.74,973280000
2009-08-07,859.92,889.02,859.27,880.7,836.52,820.79,755.49,951110016
2009-08-14,880.05,888.8,862.55,880.05,859.53,826.85,760.3,883390016
2009-08-21,878.74,898.64,853.58,897.11,874.97,834.24,766.39,1000000000
2009-08-28,896.89,908.92,887.92,899.08,883.68,844.02,772.58,944460032
2009-09-04,898.2,902.14,867.14,887.27,888.84,852.77,777.07,955390016
2009-09-11,886.83,917.3,885.74,911.58,895.02,865.77,783.75,602809984
2009-09-18,910.49,941.68,901.26,932.46,905.5,882.51,792.58,935769984
2009-09-25,930.92,945.42,910.71,914.88,909.05,892.01,801.85,953660032
2009-10-02,915.98,936.63,889.39,897.96,908.83,896.25,811.9,1010000000
2009-10-09,897.96,939.05,895.98,938.61,919.1,903.97,821.27,829880000
2009-10-16,938.39,962.78,934.21,950.91,926.96,910.99,830.78,833089984
2009-10-23,949.37,965.85,940.59,946.52,929.78,917.64,838.63,1040000000
2009-10-30,946.08,956.62,904.77,907.85,928.37,918.71,844.48,1270000000
2009-11-06,906.31,939.93,901.7,937.07,936.19,922.51,850.96,1080000000
2009-11-13,936.63,969.59,935.97,959.26,940.32,929.71,857.76,808969984
2009-11-20,959.7,977.5,952.23,957.94,941.73,934.35,864.52,857470016
2009-11-27,957.72,976.84,937.73,957.5,943.93,936.85,871,522000000
2009-12-04,959.26,983.43,953.11,973.76,957.11,942.74,876.6,895040000
2009-12-11,973.76,976.18,953.55,973.59,964.41,950.3,883.41,715670016
2009-12-18,972.93,982.19,960.57,968.73,966.31,953.31,890,740889984
2009-12-25,969.62,990.57,967.63,990.13,972.74,957.24,896.34,361270016
2010-01-01,988.81,995.87,979.32,980.21,977.28,960.6,901.7,331860000
2010-01-08,982.85,1007.56,982.41,1007.34,984,970.55,907.84,604089984
2010-01-15,1007.56,1013.08,994.99,999.18,989.12,976.76,914.43,759600000
2010-01-22,998.74,1012.2,958.58,962.78,987.93,977.12,919.87,1050000000
2010-01-29,965.42,973.81,941.16,944.69,978.84,975.79,925.3,1300000000
2010-02-05,944.24,972.04,918.43,935.2,969.84,973.56,930.98,1430000000
2010-02-12,937.18,952.85,929.24,952.19,958.81,971.4,935.38,1330000000
2010-02-19,950.86,980.43,947.33,976.23,954.22,971.67,939.41,744560000
2010-02-26,976.01,981.97,957.04,973.81,956.42,972.17,943.15,949420032
2010-03-05,975.57,1004.91,974.47,1002.93,968.07,973.45,947.23,771379968
2010-03-12,1002.71,1020.84,998.52,1015.97,984.22,977.03,951.76,778230016
2010-03-19,1015.52,1032.8,1007.1,1024.61,998.71,978.76,956.01,916049984
2010-03-26,1021.95,1042.55,1016.19,1031.03,1009.67,981.94,960.41,992809984
2010-04-02,1032.14,1043.44,1029.04,1040.11,1022.93,989.68,965.5,602579968
2010-04-09,1039.89,1057.17,1037.68,1056.73,1033.69,1000.88,970.34,692520000
2010-04-16,1058.72,1072.68,1048.09,1054.73,1041.44,1012.83,974.41,908510016
2010-04-23,1050.97,1075.56,1045.43,1074.23,1051.37,1025.04,979.73,985089984
2010-04-30,1073.34,1078.22,1042.77,1048.75,1054.91,1032.29,984.75,1260000000
2010-05-07,1049.64,1065.15,935.77,980.96,1043.08,1033.01,986.16,2160000000
2010-05-14,997.14,1041,993.81,1006,1032.94,1033.31,988,1530000000
2010-05-21,1004.67,1016.85,931.56,961.02,1014.19,1027.82,988.48,2110000000
2010-05-28,961.91,980.74,918.71,964.57,992.26,1021.81,990.38,1610000000
2010-06-04,964.57,981.63,938.65,944.63,971.44,1013.17,990.63,1140000000
2010-06-11,942.86,968.14,922.7,965.25,968.3,1005.69,990.83,1420000000
2010-06-18,967.48,994.17,964.59,987.72,964.64,998.79,991.82,1100000000
2010-06-25,992.83,1004.84,945.46,956.13,963.66,988.93,991.77,1210000000
2010-07-02,955.69,960.58,894.97,902.31,951.21,971.74,989.39,1440000000
2010-07-09,902.98,956.36,892.08,954.13,953.11,962.27,988.74,866550016
2010-07-16,953.24,977.93,942.12,945.68,949.2,958.75,987.98,1040000000
2010-07-23,944.57,979.93,934.78,979.04,947.46,956.05,987.61,1210000000
2010-07-30,979.71,995.28,963.92,977.04,951.64,957.65,987.5,990259968
2010-08-06,982.6,1003.29,980.15,995.95,970.37,960.79,987.12,873289984
2010-08-13,996.39,1002.4,952.35,957.25,970.99,962.05,985.72,1040000000
2010-08-20,958.58,977.26,944.57,952.13,972.28,960.74,985.37,978649984
2010-08-27,951.91,961.03,922.55,946.35,965.74,956.6,985.42,1210000000
2010-09-03,947.02,982.6,923,981.71,966.68,959.16,986.97,1080000000
2010-09-10,981.93,989.1,966.37,987.31,964.95,967.66,988.14,567080000
2010-09-17,991.78,1012.11,989.99,1000.49,973.6,972.3,988.95,952739968
2010-09-24,999.37,1022.61,998.03,1021.49,987.47,979.88,990.54,1090000000
2010-10-01,1022.16,1030.65,1007.19,1020.59,1002.32,984.03,991.13,979420032
2010-10-08,1021.49,1040.03,1006.97,1036.9,1013.36,990.02,991.83,887030016
2010-10-15,1037.79,1055.22,1029.08,1049.86,1025.87,995.41,992.67,941120000
2010-10-22,1049.19,1059.91,1032.43,1054.99,1036.77,1005.18,993.47,951920000
2010-10-29,1054.99,1065.94,1043.38,1054.1,1043.29,1015.38,993.94,813030016
2010-11-05,1054.77,1094.08,1048.74,1091.85,1057.54,1029.93,995.11,954819968
2010-11-12,1090.51,1094.31,1064.6,1068.17,1063.8,1038.58,995.55,961000000
2010-11-19,1068.17,1077.33,1046.28,1070.63,1067.95,1046.91,995.43,991160000
2010-11-26,1074.65,1077.56,1049.63,1057.23,1068.4,1052.58,995.72,620070016
2010-12-03,1061.92,1096.54,1047.4,1093.19,1076.21,1059.75,999.46,1020000000
2010-12-10,1092.97,1109.1,1086.71,1108.87,1079.62,1068.58,1002.89,688929984
2010-12-17,1110.22,1114.48,1101.25,1111.12,1088.21,1076,1007.89,768000000
2010-12-24,1112.46,1126.59,1107.08,1124.12,1098.91,1083.43,1013.21,363009984
2010-12-31,1120.98,1129.06,1117.4,1124.12,1112.29,1090.34,1019.19,339360000
2011-01-07,1126.82,1145.66,1126.14,1137.13,1121.07,1098.64,1024.92,688659968
2011-01-14,1136.01,1157.32,1128.61,1156.87,1130.67,1105.15,1030.56,587520000
2011-01-21,1156.87,1162.93,1137.13,1148.12,1138.07,1113.14,1036.96,593569984
2011-01-28,1147.9,1165.84,1139.82,1140.72,1141.39,1120.15,1044.91,841489984
2011-02-04,1138.93,1173.92,1132.42,1172.79,1151.13,1131.71,1052.19,715289984
2011-02-11,1172.79,1192.08,1171.67,1190.74,1161.85,1141.46,1060.36,658369984
2011-02-18,1189.62,1204.87,1186.25,1204.42,1171.36,1151.02,1067.88,591260032
2011-02-25,1204.19,1204.42,1159.56,1183.11,1178.36,1158.22,1074.74,862889984
2011-03-04,1182.66,1199.04,1162.93,1184.46,1187.1,1164.25,1081.03,1050000000
2011-03-11,1184.46,1190.74,1151.38,1171.87,1186.92,1169.02,1088.18,1070000000
2011-03-18,1169.39,1171.41,1117.83,1147.55,1178.28,1170.06,1094.7,1550000000
2011-03-25,1149.35,1183.8,1148,1179.74,1173.35,1172.35,1102.48,747470016
2011-04-01,1179.07,1201.13,1170.96,1195.73,1175.87,1177.11,1109.61,662369984
2011-04-08,1195.05,1203.61,1187.63,1192.13,1177.4,1182.25,1116.44,661299968
2011-04-15,1193.93,1197.98,1169.16,1187.63,1180.56,1183.74,1122.68,776590016
2011-04-22,1187.17,1204.74,1161.96,1198.66,1190.78,1184.53,1128.58,627920000
2011-04-29,1198.21,1228.15,1195.28,1224.55,1199.74,1186.54,1135.38,595480000
2011-05-06,1227.7,1236.93,1193.48,1201.81,1200.95,1188.41,1140.88,897590016
2011-05-13,1204.29,1223.2,1196.63,1201.36,1202.8,1190.1,1145.93,751910016
2011-05-20,1199.56,1211.72,1185.15,1195.73,1204.42,1192.49,1150.62,772070016
2011-05-27,1194.15,1201.13,1172.77,1197.76,1204.24,1197.51,1155.41,753009984
2011-06-03,1197.53,1213.74,1165.79,1167.36,1192.8,1196.27,1157.92,832979968
2011-06-10,1169.61,1169.84,1141.21,1143.02,1181.04,1191,1160.42,940049984
2011-06-17,1144.15,1164.05,1132.62,1145.05,1169.78,1186.29,1162.9,1210000000
2011-06-24,1144.15,1170.15,1136.23,1143.24,1159.29,1181.85,1165.77,1090000000
2011-07-01,1144.15,1208.82,1136.91,1207.23,1161.18,1182.71,1169.57,1000000000
2011-07-08,1207.01,1225.1,1199.77,1213.56,1170.42,1181.61,1173.06,673900032
2011-07-15,1211.3,1211.53,1171.51,1189.37,1179.69,1180.37,1175.67,1060000000
2011-07-22,1188.92,1218.99,1167.89,1212.89,1193.26,1181.52,1178.62,871859968
2011-07-29,1202.94,1212.21,1156.36,1165.4,1197.69,1178.49,1180,1030000000
2011-08-05,1181.23,1184.62,1052.12,1083.32,1172.91,1167.05,1178.21,2220000000
2011-08-12,1055.74,1075.41,974.11,1064.33,1143.06,1156.74,1175.12,2880000000
2011-08-19,1067.04,1091.46,1010.74,1016.62,1108.51,1144.1,1170.74,1730000000
2011-08-26,1014.81,1074.96,1005.09,1063.65,1078.66,1135.96,1168.17,1480000000
2011-09-02,1063.2,1112.26,1056.87,1057.54,1057.09,1127.39,1164.33,1240000000
2011-09-09,1053.7,1088.77,1027.47,1047.19,1049.87,1111.39,1159.54,1130000000
2011-09-16,1032.42,1103.77,1021.06,1101.27,1057.25,1100.16,1156.1,1510000000
2011-09-23,1089.91,1103.77,1001.52,1026.74,1059.28,1083.9,1150.89,1600000000
2011-09-30,1019.7,1081.5,1013.34,1023.33,1051.22,1064.94,1145.52,1450000000
2011-10-07,1020.61,1066.73,970.62,1049.69,1049.64,1053.37,1141.45,1680000000
2011-10-14,1052.19,1110.13,1051.05,1108.08,1061.82,1055.84,1140.13,1150000000
2011-10-21,1107.17,1123.08,1077.41,1122.62,1066.09,1061.67,1138.23,1290000000
2011-10-28,1117.62,1171.7,1105.58,1164.2,1093.59,1076.43,1137.18,1380000000
2011-11-04,1163.29,1163.97,1098.31,1136.94,1116.31,1083.76,1135.34,1420000000
2011-11-11,1138.98,1158.98,1107.17,1146.48,1135.66,1092.65,1133.97,1180000000
2011-11-18,1148.98,1154.89,1096.49,1103.31,1134.71,1098.27,1130.79,1130000000
2011-11-25,1097.86,1098.77,1042.87,1048.33,1119.85,1092.97,1124.91,770200000
2011-12-02,1065.14,1147.62,1062.64,1130.12,1113.04,1103.31,1122.52,1130000000
2011-12-09,1134.21,1155.83,1116.34,1143.96,1114.44,1115.37,1120.61,1090000000
2011-12-16,1141.45,1145.33,1093.74,1105.61,1106.27,1120.97,1117.61,1120000000
2011-12-23,1106.53,1151.03,1091.46,1150.58,1115.72,1125.22,1116.04,815200000
2011-12-30,1150.81,1154.46,1134.83,1143.5,1134.75,1127.3,1115.24,424289984
2012-01-06,1163.82,1170.66,1150.12,1163.36,1141.4,1127.22,1115.92,642830016
2012-01-13,1163.82,1184.59,1156.97,1176.83,1147.98,1131.21,1116.98,625169984
2012-01-20,1178.2,1197.6,1169.75,1196.68,1166.19,1136.23,1118.76,560160000
2012-01-27,1193.72,1214.03,1188.24,1198.28,1175.73,1145.72,1118.46,751129984
2012-02-03,1199.65,1225.21,1183.22,1222.47,1191.52,1163.14,1118.76,744449984
2012-02-10,1220.19,1235.03,1214.49,1223.84,1203.62,1172.51,1119.91,699089984
2012-02-17,1230.01,1242.79,1218.14,1241.42,1216.54,1182.26,1120.86,793470016
2012-02-24,1247.81,1250.32,1232.75,1244.61,1226.13,1196.16,1123.5,501740000
2012-03-02,1244.61,1257.4,1235.26,1249.64,1236.4,1206.06,1129.04,726680000
2012-03-09,1248.27,1254.97,1222.02,1253.14,1242.53,1217.03,1135.33,726390016
2012-03-16,1253.14,1284.08,1247.18,1282.25,1254.21,1228.92,1144.19,751270016
2012-03-23,1281.1,1290.96,1265.74,1278.12,1261.55,1239.05,1151.34,625150016
2012-03-30,1277.89,1301.73,1271.02,1286.6,1269.95,1248.04,1158.97,689040000
2012-04-06,1290.27,1299.9,1257.95,1274.68,1274.96,1255.68,1166.56,591880000
2012-04-13,1260.7,1273.08,1240.07,1251.53,1274.64,1258.58,1171.57,840620032
2012-04-20,1252.45,1274.45,1246.26,1260.93,1270.37,1262.29,1179.37,761449984
2012-04-27,1258.18,1286.37,1241.45,1282.25,1271.2,1266.37,1188,719859968
2012-05-04,1283.85,1294.4,1248.32,1249.24,1263.73,1266.84,1194.65,712700032
2012-05-11,1241.45,1256.35,1227.92,1237.78,1256.35,1265.65,1198.98,865560000
2012-05-18,1234.11,1238.7,1182.54,1183.45,1242.73,1258.68,1201,1150000000
2012-05-25,1184.37,1219.21,1180.24,1205.69,1231.68,1251.03,1202.39,883169984
2012-06-01,1212.11,1223.34,1167.64,1168.1,1208.85,1240.03,1203.43,764680000
2012-06-08,1169.01,1219.05,1157.09,1218.13,1202.63,1233.18,1205.81,879590016
2012-06-15,1231.95,1236.55,1195.09,1232.41,1201.55,1228.95,1210.12,923969984
2012-06-22,1239.55,1250.38,1213.98,1222.5,1209.36,1226.05,1215.92,810520000
2012-06-29,1221.35,1252.68,1200.16,1249.91,1218.21,1224.95,1219.92,777590016
2012-07-06,1251.99,1266.96,1236.78,1245.54,1233.7,1221.27,1223.3,487340000
2012-07-13,1243.23,1249.91,1216.05,1245.54,1239.18,1220.9,1227.97,686630016
2012-07-20,1245.08,1267.88,1234.02,1251.53,1243,1222.28,1231.33,622489984
2012-07-27,1248.99,1276.17,1217.43,1273.87,1253.28,1231.32,1235.68,840929984
2012-08-03,1270.88,1281.24,1243.23,1279.86,1259.27,1238.74,1239.56,723030016
2012-08-10,1281.01,1293.45,1278.25,1292.3,1268.62,1251.16,1243.41,475710016
2012-08-17,1290.46,1305.43,1284.7,1304.05,1280.32,1259.75,1246.99,455720000
2012-08-24,1303.82,1312.8,1285.62,1298.98,1289.81,1266.41,1250.35,528030016
2012-08-31,1299.21,1304.74,1285.62,1294.6,1293.96,1273.62,1252.75,458460000
2012-09-07,1295.76,1325.7,1284.93,1325.24,1303.03,1281.15,1256.13,486430016
2012-09-14,1323.86,1359.26,1309.81,1350.93,1314.76,1291.69,1259.78,658110016
2012-09-21,1350.7,1353.94,1336.58,1344.45,1322.84,1301.58,1263.11,608819968
2012-09-28,1342.83,1349.08,1318.52,1328.01,1328.65,1309.23,1265.72,637880000
2012-10-05,1326.62,1357.41,1321.99,1347.69,1339.26,1316.61,1268.87,619769984
2012-10-12,1349.31,1349.31,1314.82,1316.21,1337.46,1320.25,1270,599320000
2012-10-19,1318.06,1351.62,1311.58,1318.52,1330.98,1322.87,1271.35,679089984
2012-10-26,1318.99,1327.09,1291.21,1303.24,1322.74,1322.79,1271.91,718289984
2012-11-02,1302.09,1325.47,1289.82,1301.39,1317.41,1323.03,1272.8,342140000
2012-11-09,1298.85,1325.7,1262.5,1273.85,1302.64,1320.95,1273.54,852320000
2012-11-16,1273.38,1283.57,1240.98,1259.03,1291.21,1314.33,1273.48,829809984
2012-11-23,1259.96,1303.24,1259.49,1301.16,1287.74,1309.36,1274.11,418420000
2012-11-30,1299.31,1314.36,1280.56,1309.73,1289.03,1305.88,1276.12,693510016
2012-12-07,1308.57,1318.52,1293.29,1311.11,1290.98,1304.19,1278.57,611529984
2012-12-14,1311.11,1332.18,1306.25,1310.6,1298.33,1300.48,1282.81,670710016
2012-12-21,1316.18,1344.78,1293.86,1326.18,1311.76,1301.48,1286.82,886760000
2012-12-28,1324.55,1325.72,1285.49,1287.12,1308.95,1298.34,1290.79,477550016
2013-01-04,1291.07,1360.59,1286.66,1355.71,1318.15,1303.59,1295.38,697590016
2013-01-11,1358.03,1368.5,1344.78,1364.54,1328.83,1309.9,1299.78,566670016
2013-01-18,1364.08,1377.33,1354.55,1375.47,1341.81,1320.07,1304.88,591329984
2013-01-25,1374.54,1394.3,1371.75,1391.05,1354.78,1333.27,1309.58,510040000
2013-02-01,1391.05,1404.77,1386.63,1401.28,1377.61,1343.28,1314.78,596649984
2013-02-08,1402.44,1408.95,1385.93,1406.63,1387.79,1352.97,1320.14,677369984
2013-02-15,1407.56,1415.46,1402.91,1410.81,1397.05,1362.94,1325.45,517549984
2013-02-22,1409.88,1422.9,1390.35,1408.49,1403.65,1372.73,1329.94,545289984
2013-03-01,1409.42,1417.79,1378.03,1410.35,1407.51,1381.14,1334.29,880700032
2013-03-08,1408.72,1443.87,1401.51,1440.83,1415.42,1396.52,1339.24,524729984
2013-03-15,1439.43,1454.13,1437.1,1449.23,1423.94,1405.87,1344.08,546979968
2013-03-22,1440.37,1451.33,1426.84,1447.83,1431.35,1414.2,1349.04,647800000
2013-03-29,1445.96,1459.49,1435.7,1457.86,1441.22,1422.44,1354.48,441060000
2013-04-05,1458.09,1462.76,1430.34,1442.23,1447.6,1427.55,1358.38,646419968
2013-04-12,1441.77,1486.08,1439.43,1475.82,1454.59,1435.01,1362.55,550710016
2013-04-19,1476.05,1476.75,1428.01,1443.63,1453.47,1438.71,1365.85,908870016
2013-04-26,1444.57,1481.65,1439.2,1470.69,1458.05,1444.7,1370.61,596460032
2013-05-03,1470.45,1505.9,1468.12,1500.54,1466.58,1453.9,1375.7,584070016
2013-05-10,1500.3,1522.69,1499.37,1520.13,1482.16,1464.88,1382.5,464600000
2013-05-17,1516.4,1553.95,1512.67,1551.38,1497.27,1475.93,1390.26,561280000
2013-05-24,1550.91,1572.6,1523.16,1539.72,1516.49,1484.98,1398.15,787550016
2013-05-31,1539.25,1560.48,1517.1,1519.66,1526.29,1492.17,1405.42,588689984
2013-06-07,1520.13,1535.29,1489.34,1528.52,1531.88,1499.23,1413.91,926320000
2013-06-14,1526.66,1537.85,1490.47,1515.51,1530.96,1506.56,1422.46,747320000
2013-06-21,1515.75,1544.07,1470.57,1483.21,1517.33,1507.3,1428.53,1050000000
2013-06-28,1482.98,1511.77,1454.42,1497.49,1508.88,1512.69,1434.79,809329984
2013-07-05,1498.43,1526.99,1491.87,1523.71,1509.69,1517.99,1441.87,484449984
2013-07-12,1524.88,1567.72,1522.54,1563.97,1516.78,1524.33,1450.32,588609984
2013-07-19,1563.74,1582.93,1559.76,1582,1530.08,1530.52,1458.85,458480000
2013-07-26,1582.47,1587.62,1564.21,1579.19,1549.27,1533.3,1468.58,492140000
2013-08-02,1579.19,1596.51,1569.82,1595.57,1568.89,1538.88,1476.58,509009984
2013-08-09,1594.4,1596.51,1573.57,1578.95,1579.94,1544.81,1483.72,420460000
2013-08-16,1577.78,1586.68,1544.54,1545.95,1576.33,1546.56,1489.41,513030016
2013-08-23,1545.95,1556.95,1527.69,1555.78,1571.09,1550.58,1494.9,537630016
2013-08-30,1555.08,1561.4,1521.37,1527.45,1560.74,1555.01,1499.1,610569984
2013-09-06,1535.88,1558.12,1526.99,1548.29,1551.28,1560.09,1503.83,462609984
2013-09-13,1546.88,1582.93,1546.88,1581.06,1551.71,1565.82,1509.5,443889984
2013-09-20,1591.4,1623.12,1586.46,1600.33,1562.58,1569.46,1515.9,691660032
2013-09-27,1604.09,1605.03,1579.18,1585.29,1568.48,1569.79,1521.73,504540000
2013-10-04,1574.48,1590.69,1563.43,1583.64,1579.72,1570.23,1526.49,658019968
2013-10-11,1576.12,1598.21,1541.58,1597.04,1589.47,1570.38,1531.41,744280000
2013-10-18,1582.94,1635.81,1579.88,1632.29,1599.72,1575.71,1537.56,696969984
2013-10-25,1633.7,1650.38,1630.41,1648.74,1609.4,1585.99,1543.93,500230016
2013-11-01,1648.5,1666.83,1642.16,1649.44,1622.23,1595.36,1550.83,588979968
2013-11-08,1648.74,1668.01,1632.29,1660.02,1637.51,1608.61,1556.97,552560000
2013-11-15,1660.96,1688.22,1648.97,1685.87,1655.27,1622.37,1565.05,456700000
2013-11-22,1685.87,1695.03,1668.01,1693.15,1667.44,1633.58,1572.46,497729984
2013-11-29,1693.86,1703.73,1690.57,1695.74,1676.84,1643.12,1578.97,280860000
2013-12-06,1697.85,1700.44,1671.06,1696.68,1686.29,1654.26,1584.85,573980032
2013-12-13,1698.09,1702.79,1665.39,1668.22,1687.93,1662.72,1588.75,505060000
2013-12-20,1668.22,1714.92,1654.55,1711.62,1693.08,1674.18,1594.48,754369984
2013-12-27,1713.97,1735.67,1713.74,1732.37,1700.92,1684.18,1601.57,256150000
2014-01-03,1731.9,1741.8,1717.28,1721.99,1706.18,1691.51,1608.02,344129984
2014-01-10,1720.58,1738.03,1714.21,1733.55,1713.55,1699.92,1615.29,483460000
2014-01-17,1734.25,1741.09,1706.9,1730.25,1725.95,1706.94,1623.52,533570016
2014-01-24,1730.01,1739.44,1679.07,1680.96,1719.82,1706.45,1629.64,491070016
2014-01-31,1680.72,1699.12,1661.38,1675.77,1708.5,1704.71,1634.71,821520000
2014-02-07,1676.71,1692.28,1633.79,1691.81,1702.47,1704.32,1638.97,887740032
2014-02-14,1691.33,1734.49,1684.97,1730.95,1701.95,1707.75,1643.93,501790016
2014-02-21,1729.54,1739.91,1714.21,1730.25,1701.95,1713.95,1648.97,430100000
2014-02-28,1731.19,1760.67,1725.53,1752.18,1716.19,1718.01,1654.19,574550016
2014-03-07,1741.33,1780.48,1728.36,1771.51,1735.34,1721.92,1660.61,620700032
2014-03-14,1769.16,1775.52,1734.7,1735.65,1744.11,1723.29,1666.93,587710016
2014-03-21,1734.94,1777.07,1726.65,1758.37,1749.59,1725.77,1673.68,656800000
2014-03-28,1756.95,1769.5,1736.59,1752.22,1753.98,1727.97,1681.17,589129984
2014-04-04,1756.48,1791.99,1756.48,1761.21,1755.79,1735.99,1688.27,514529984
2014-04-11,1762.16,1768.31,1711.26,1715.52,1744.59,1739.97,1692.75,693929984
2014-04-18,1710.08,1764.76,1707.48,1759.32,1749.33,1746.72,1698.05,499929984
2014-04-25,1760.5,1782.52,1754.58,1761.21,1749.9,1749.74,1703.92,416540000
2014-05-02,1762.87,1785.83,1746.06,1774.94,1754.44,1754.21,1710.29,511870016
2014-05-09,1775.89,1784.65,1756,1773.99,1757,1756.39,1716.19,445129984
2014-05-16,1774.47,1797.67,1760.26,1775.18,1768.93,1756.76,1720.96,478169984
2014-05-23,1776.6,1798.38,1765.71,1796.25,1776.31,1762.82,1725.87,386280000
2014-05-30,1797.19,1820.16,1796.25,1819.44,1787.96,1768.93,1731.54,279430016
2014-06-06,1819.21,1846.19,1812.11,1845.72,1802.12,1778.28,1737.73,356030016
2014-06-13,1845.72,1850.93,1822.45,1832.67,1813.85,1785.42,1742.62,379390016
2014-06-20,1832.43,1859.76,1823.88,1856.43,1830.1,1799.52,1748.07,464040000
2014-06-27,1855.96,1862.85,1840.27,1855.24,1841.9,1809.11,1753.38,405400000
2014-07-04,1855.01,1880.19,1851.44,1879.48,1853.91,1820.94,1759.48,266390000
2014-07-11,1879,1879.48,1848.83,1865.22,1857.81,1829.96,1766.04,406120000
2014-07-18,1865.46,1879.96,1846.21,1873.78,1866.03,1839.94,1771.45,519809984
2014-07-25,1872.59,1887.32,1861.9,1873.78,1869.5,1849.8,1776.16,334609984
2014-08-01,1873.06,1881.38,1815.56,1823.4,1863.13,1852.52,1779.54,626689984
2014-08-08,1824.35,1841.46,1796.55,1828.39,1852.92,1853.41,1782.7,591600000
2014-08-15,1828.16,1863.8,1827.92,1855.72,1851.01,1854.41,1786.89,414540000
2014-08-22,1858.81,1893.26,1858.81,1889.22,1854.1,1860.07,1793.83,351220000
2014-08-29,1891.36,1904.43,1888.98,1902.29,1859.81,1864.65,1801.38,283260000
2014-09-05,1899.91,1911.32,1889.7,1906.57,1876.44,1869.79,1808.54,317300000
2014-09-12,1907.04,1907.28,1881.08,1886.32,1888.02,1870.47,1813.72,404289984
2014-09-19,1883.46,1922.35,1877.97,1912.09,1899.3,1875.16,1819.78,560510016
2014-09-26,1910.42,1911.37,1867,1885.61,1898.58,1876.34,1824.23,598070016
2014-10-03,1884.42,1887.76,1830.5,1870.58,1892.23,1876.02,1827.53,683070016
2014-10-10,1871.29,1880.84,1806.64,1807.6,1872.44,1874.44,1829.93,871769984
2014-10-17,1805.45,1818.81,1730.06,1794.95,1854.17,1871.09,1831.15,1310000000
2014-10-24,1797.82,1871.53,1786.6,1870.1,1845.77,1872.53,1835.07,709649984
2014-10-31,1870.58,1924.49,1855.55,1919.48,1852.54,1875.56,1840.35,592480000
2014-11-07,1919.25,1940.48,1903.98,1933.32,1865.09,1878.66,1847.61,475409984
2014-11-14,1933.08,1950.26,1928.55,1944.77,1892.53,1882.48,1853.79,376710016
2014-11-21,1945.25,1977.46,1932.61,1967.44,1927.02,1890.59,1860.67,454049984
2014-11-28,1967.91,1980.32,1966.48,1971.73,1947.35,1896.56,1867.23,265050000
2014-12-05,1968.87,1983.9,1954.55,1981.03,1959.66,1906.1,1874.13,429769984
2014-12-12,1980.8,1982.46,1905.31,1906.03,1954.2,1909.65,1878.49,754969984
2014-12-19,1906.03,1988.14,1878.26,1979.28,1961.1,1926.81,1884.59,1210000000
2014-12-26,1977.37,2000.11,1976.41,1995.8,1966.77,1946.9,1890.47,370780000
2015-01-02,1997.48,2000.11,1952.23,1959.41,1964.31,1955.83,1894.26,404980000
2015-01-09,1958.93,1974.49,1900.04,1948.88,1957.88,1958.77,1898.13,809920000
2015-01-16,1948.16,1964.68,1886.64,1927.57,1962.19,1958.19,1900.5,940430016
2015-01-23,1928.05,1974.97,1912.73,1957.26,1957.78,1959.44,1903.9,545809984
2015-01-30,1948.64,1967.79,1897.89,1904.11,1939.45,1953.11,1904.72,765880000
2015-02-06,1906.03,1980.24,1889.99,1965.88,1940.74,1952.53,1908.08,645249984
2015-02-13,1963,2006.09,1950.08,2004.66,1951.9,1954.89,1912.44,465689984
2015-02-20,2002.5,2019.26,1992.45,2017.58,1969.9,1966.04,1917.24,389980000
2015-02-27,2017.82,2027.88,2010.64,2013.52,1981.15,1969.47,1923.57,400720000
2015-03-06,2014.71,2025.72,1977.85,1982.87,1996.9,1968.17,1928.72,577320000
2015-03-13,1985.51,1994.12,1951.75,1962.8,1996.29,1968.51,1932.29,613489984
2015-03-20,1963.76,2024.79,1957.99,2017.58,1998.87,1975.38,1936.57,755049984
2015-03-27,2016.14,2025.03,1954.15,1972.65,1989.88,1979.89,1938.92,581120000
2015-04-03,1972.89,2000.76,1954.39,1979.38,1983.06,1982.1,1941.34,447150016
2015-04-10,1960.16,2014.7,1959.44,2013.98,1989.28,1993.09,1945.6,443230016
2015-04-17,2013.74,2023.59,1984.18,1994.76,1995.67,1995.98,1948.35,509110016
2015-04-24,2000.04,2032.48,1997.64,2029.6,1998.07,1998.47,1953.15,406929984
2015-05-01,2031.04,2037.29,1989.71,2019.75,2007.49,1998.69,1958.13,556609984
2015-05-08,2019.99,2032.72,1976.98,2026.47,2016.91,1999.98,1965.42,563440000
2015-05-15,2027.91,2040.17,1998.36,2036.56,2021.43,2005.35,1973.48,462550016
2015-05-22,2036.8,2050.98,2030.08,2041.85,2030.85,2013.26,1979.2,345720000
2015-05-29,2041.85,2044.25,2014.46,2024.07,2029.74,2013.91,1982.69,417420000
2015-06-05,2025.03,2038.25,2002.45,2010.86,2027.96,2017.73,1985.27,546280000
2015-06-12,2010.61,2032.27,1988.27,2011.29,2024.93,2020.92,1987.49,537910016
2015-06-19,2003.09,2044.32,1989.1,2023.58,2022.33,2021.88,1989.36,632750016
2015-06-26,2031.3,2046.98,2012.49,2021.66,2018.29,2024.57,1991.02,432760000
2015-07-03,1991.03,2009.6,1974.39,1995.61,2012.6,2021.17,1991.51,625900032
2015-07-10,1995.37,2004.53,1962.33,1995.85,2009.6,2018.78,1994.5,729390016
2015-07-17,1982.1,2045.05,1979.45,2043.84,2016.11,2020.52,1996.66,481409984
2015-07-24,2043.12,2051.08,1996.57,2004.05,2012.2,2017.27,1996.93,445340000
2015-07-31,2004.77,2034.68,1983.79,2024.31,2012.73,2015.51,1999.09,556270016
2015-08-07,2024.55,2032.51,1989.1,2000.19,2013.65,2013.12,2000.8,515460000
2015-08-14,1998.74,2027.44,1974.15,2015.63,2017.6,2013.6,2003.74,540649984
2015-08-21,2015.63,2029.37,1897.7,1901.8,1989.19,2002.65,2001.89,864630016
2015-08-28,1895.05,1922.3,1766.27,1919.4,1972.27,1992.23,2002.4,1650000000
2015-09-04,1916.03,1917.47,1831.62,1853.81,1938.17,1975.45,1998.66,938739968
2015-09-11,1848.98,1921.57,1848.02,1890.3,1916.19,1964.92,1994.85,543680000
2015-09-18,1892.97,1949.91,1875.76,1890.54,1891.17,1954.39,1990.62,792540032
2015-09-25,1889.33,1908.47,1838.93,1860.25,1882.86,1936.03,1985.51,666840000
2015-10-02,1856.62,1884,1803.79,1883.27,1875.63,1923.95,1982.19,843100032
2015-10-09,1881.33,1952.09,1877.7,1945.79,1894.03,1916.1,1981.62,621030016
2015-10-16,1943.61,1964.21,1921.56,1963.24,1908.62,1912.4,1979.81,492260000
2015-10-23,1962.27,2010.73,1945.79,2002.49,1931.01,1911.09,1980.81,576360000
2015-10-30,2002.49,2030.36,1988.19,2010,1960.96,1921.91,1981.83,504449984
2015-11-06,2009.28,2045.38,2000.8,2029.39,1990.18,1932.91,1982.34,466620000
2015-11-13,2027.69,2033.27,1949.67,1956.45,1992.31,1943.17,1981.06,549619968
2015-11-20,1944.82,2030.12,1937.07,2024.54,2004.58,1956.6,1980.89,542339968
2015-11-27,2025.51,2033.75,2002.01,2025.75,2009.23,1970.12,1981.09,253100000
2015-12-04,2025.27,2040.29,1977.29,2024.3,2012.09,1986.52,1981.02,678259968
2015-12-11,2027.93,2031.08,1942.26,1947.12,1995.63,1992.91,1978.04,695100032
2015-12-18,1947.36,2016.69,1929.61,1938.12,1991.97,1992.14,1974.58,956960000
2015-12-25,1943.23,2004.04,1941.28,1995.77,1986.21,1995.39,1973.64,369649984
2016-01-01,1995.77,2018.88,1975.34,1980.45,1977.15,1993.19,1972.63,336740000
2016-01-08,1982.63,1988.23,1858.34,1859.8,1944.25,1978.17,1967.58,908569984
2016-01-15,1857.61,1893.85,1799.23,1824.29,1919.68,1957.66,1960.93,1150000000
2016-01-22,1819.18,1855.91,1755.45,1847.88,1901.64,1946.8,1955.14,845880000
2016-01-29,1848.12,1880.72,1801.18,1877.8,1878.04,1932.13,1951.21,811420032
2016-02-05,1877.56,1887.53,1814.56,1824.53,1846.86,1912.01,1945.5,844000000
2016-02-12,1825.5,1833.53,1753.75,1807.99,1836.5,1890.37,1937.64,870950016
2016-02-19,1814.8,1881.2,1814.56,1862.72,1844.18,1881.93,1932.93,473400000
2016-02-26,1859.31,1915.5,1835.72,1890.2,1852.65,1877.14,1928.46,606470016
2016-03-04,1890.45,1953.2,1868.8,1941.04,1865.3,1871.67,1926.49,594600000
2016-03-11,1940.55,1967.46,1913.94,1965.26,1893.44,1870.15,1924.81,613800000
2016-03-18,1964.28,1996.79,1950.11,1991.65,1930.18,1883.34,1927.81,568739968
2016-03-25,1990.68,2001.43,1966.97,1982.86,1954.2,1899.19,1929.92,335809984
2016-04-01,1984.57,2020.49,1973.81,2018.53,1979.87,1916.26,1935.41,450700000
2016-04-08,2017.56,2024.89,1980.41,1994.83,1990.63,1927.96,1938.9,463900000
2016-04-15,1995.07,2034.91,1983.59,2028.31,2003.24,1948.34,1943.49,436420000
2016-04-22,2017.8,2057.88,2012.18,2039.06,2012.72,1971.45,1949.45,436889984
2016-04-29,2044.44,2047.13,1999.72,2012.67,2018.68,1986.44,1953.76,459000000
2016-05-06,2014.38,2030.75,1984.81,2006.56,2016.29,1998.08,1955.79,417790016
2016-05-13,2006.8,2032.95,1992.63,1997.52,2016.82,2003.73,1956.93,419640000
2016-05-20,1995.32,2022.93,1976.5,2003.87,2011.94,2007.59,1956.98,536330016
2016-05-27,2007.05,2051.53,1995.32,2050.06,2014.14,2013.43,1958.31,350929984
2016-06-03,2052.75,2058.61,2035.89,2050.55,2021.71,2020.2,1959.02,344620000
2016-06-10,2050.3,2072.05,2041.38,2048.99,2030.2,2023.24,1962.1,379649984
2016-06-17,2042.86,2050.95,2003.34,2021.26,2034.95,2025.89,1961.99,618520000
2016-06-24,2033.04,2080.65,1962.36,1981.5,2030.47,2021.2,1960.52,686990016
2016-07-01,1976.84,2062.24,1945.18,2057.83,2032.02,2023.08,1961.63,816780032
2016-07-08,2061.26,2086.54,2027.89,2081.63,2038.24,2029.98,1966.12,425320000
2016-07-15,2081.39,2128.26,2081.14,2113.29,2051.1,2040.65,1971.96,460620000
2016-07-22,2115.01,2130.47,2111.82,2127.77,2072.4,2053.67,1976.36,301800000
2016-07-29,2128.02,2132.68,2112.55,2128.51,2101.8,2066.14,1981.29,354590016
2016-08-05,2134.15,2138.57,2102.25,2136.85,2117.61,2074.82,1990.53,338080000
2016-08-12,2136.11,2145.19,2128.02,2140.29,2129.34,2083.79,2001.06,282920000
2016-08-19,2140.78,2150.59,2125.81,2141.76,2135.03,2093.07,2010.86,306590016
2016-08-26,2141.76,2151.33,2117.95,2128.75,2135.23,2103.82,2019.22,378230016
2016-09-02,2128.02,2143.72,2115.25,2138.08,2137.15,2119.47,2029.67,391020000
2016-09-09,2139.3,2149.14,2080.71,2083.41,2126.46,2122.03,2038.85,428950016
2016-09-16,2082.67,2122.8,2067.91,2099.66,2118.33,2123.84,2046.75,786099968
2016-09-23,2099.41,2139.29,2093.51,2124.77,2114.93,2124.98,2054.57,410510016
2016-09-30,2123.04,2134.86,2099.91,2127.23,2114.63,2124.93,2060.78,501009984
2016-10-07,2125.5,2130.67,2103.11,2113.44,2109.7,2123.42,2065.72,428990016
2016-10-14,2118.86,2130.18,2075.29,2094.24,2111.87,2119.16,2069.14,450790016
2016-10-21,2093.51,2111.47,2084.15,2101.87,2112.31,2115.32,2073.1,364390016
2016-10-28,2104.09,2116.64,2079.97,2091.04,2105.57,2110.25,2075.52,420240000
2016-11-04,2087.35,2097.69,2046.74,2047.97,2089.71,2102.17,2077.29,485449984
2016-11-11,2073.57,2146.92,1997.26,2128.21,2092.67,2101.19,2080.62,747660032
2016-11-18,2131.17,2153.81,2119.1,2147.17,2103.25,2107.56,2084.22,407910016
2016-11-25,2145.94,2177.69,2144.95,2177.2,2118.32,2115.31,2089.71,234320000
2016-12-02,2174,2179.66,2150.61,2158.24,2131.76,2118.66,2094.77,413630016
2016-12-09,2150.37,2226.24,2145.44,2225.25,2167.21,2128.46,2102.36,426169984
2016-12-16,2225.74,2243.26,2213.65,2225.74,2186.72,2139.69,2109.75,636390016
2016-12-23,2226.48,2239.81,2222.04,2230.43,2203.37,2153.31,2115.76,341009984
2016-12-30,2229.2,2239.81,2198.85,2206.99,2209.33,2163.82,2120.98,264460000
2017-01-06,2211.43,2247.21,2210.2,2241.78,2226.04,2178.9,2127.41,320049984
2017-01-13,2241.53,2245.48,2219.08,2242.77,2229.54,2198.38,2134.79,320190016
2017-01-20,2240.55,2243.01,2223.52,2236.35,2231.66,2209.19,2143.28,311809984
2017-01-27,2236.35,2269.41,2222.29,2259.05,2237.39,2220.38,2149.99,374740000
2017-02-03,2252.14,2263.99,2232.65,2261.03,2248.2,2228.76,2155.97,384960000
2017-02-10,2263,2285.45,2251.16,2282.49,2256.34,2241.19,2161.61,299260000
2017-02-17,2283.97,2320.73,2282.98,2317.28,2271.24,2250.39,2167.93,375000000
2017-02-24,2315.8,2336.52,2315.31,2334.06,2290.78,2261.22,2174.78,308060000
2017-03-03,2331.84,2369.59,2326.66,2350.09,2308.99,2273.19,2181.89,454860000
2017-03-10,2349.11,2349.6,2323.19,2340.48,2324.88,2286.54,2188.56,371340000
2017-03-17,2339.74,2360.49,2326.89,2347.15,2337.81,2297.07,2195.41,380569984
2017-03-24,2345.67,2350.61,2304.17,2317.01,2337.76,2304.5,2201.68,494830016
2017-03-31,2309.35,2338.75,2290.33,2331.34,2337.22,2314,2208.13,373360000
2017-04-07,2329.61,2346.9,2309.11,2324.42,2332.08,2320.54,2216.16,394360000
2017-04-14,2323.93,2335.29,2296.51,2299.97,2323.98,2324.43,2222.84,330409984
2017-04-21,2296.51,2330.35,2295.27,2319.73,2318.49,2328.15,2229.33,423289984
2017-04-28,2337.76,2366.42,2337.27,2352.34,2325.56,2331.66,2236.84,401550016
2017-05-05,2353.33,2370.87,2347.4,2369.39,2333.17,2335.19,2245.37,320860000
2017-05-12,2374.08,2375.31,2350.86,2360.49,2340.38,2336.23,2254.24,270310016
2017-05-19,2360.49,2376.06,2316.77,2353.33,2351.05,2337.52,2262.63,507390016
2017-05-26,2353.57,2389.15,2350.12,2385.2,2364.15,2341.32,2272.43,269230016
2017-06-02,2385.44,2410.89,2374.33,2408.91,2375.46,2350.51,2284.46,284630016
2017-06-09,2406.44,2416.83,2386.17,2401.75,2381.93,2357.55,2293.58,347430016
2017-06-16,2401.5,2416.58,2389.88,2404.47,2390.73,2365.56,2302.16,375800000
2017-06-23,2406.94,2424.74,2401.5,2408.42,2401.75,2376.4,2309.86,289140000
2017-06-30,2405.46,2420.79,2376.03,2394.58,2403.62,2383.89,2317.74,402760000
2017-07-07,2395.56,2409.91,2379,2396.06,2401.05,2388.26,2323.44,217670000
2017-07-14,2396.55,2434.39,2383.94,2429.19,2406.54,2394.24,2330.22,246360000
2017-07-21,2430.18,2449.22,2421.28,2442.55,2414.16,2402.44,2337.29,263150000
2017-07-28,2442.79,2453.43,2430.18,2443.29,2421.13,2411.44,2345.17,269969984
2017-08-04,2443.54,2450.71,2436.36,2445.02,2431.22,2417.42,2351.94,269150016
2017-08-11,2445.27,2461.34,2403.72,2413.37,2434.68,2417.87,2357.63,351700000
2017-08-18,2414.85,2447,2393.09,2400.26,2428.9,2417.72,2363.09,450489984
2017-08-25,2402.24,2427.96,2389.38,2415.84,2423.56,2418.86,2368.32,294000000
2017-09-01,2415.35,2452.68,2394.58,2447.24,2424.35,2422.74,2374.52,319540000
2017-09-08,2434.39,2444.28,2418.81,2435.87,2422.52,2426.87,2379.64,271180000
2017-09-15,2442.55,2474.47,2441.56,2471.75,2434.19,2434.44,2384.79,378369984
2017-09-22,2473.48,2481.65,2466.55,2473.97,2448.94,2438.92,2389.45,252340000
2017-09-29,2473.48,2492.04,2459.62,2490.31,2463.83,2443.69,2394.12,322500000
2017-10-06,2492.29,2524.7,2491.3,2519.01,2478.18,2451.26,2400.07,325960000
2017-10-13,2517.28,2529.4,2513.32,2526.68,2496.34,2459.43,2406.06,228400000
2017-10-20,2526.19,2548.21,2516.54,2547.71,2511.54,2472.86,2413.75,261750000
2017-10-27,2546.48,2554.4,2515.55,2552.17,2527.18,2488.06,2421.11,389929984
2017-11-03,2549.2,2559.1,2536.08,2556.37,2540.39,2502.11,2428.84,284830016
2017-11-10,2553.65,2568,2537.07,2553.16,2547.22,2512.7,2437.28,312689984
2017-11-17,2553.9,2563.06,2529.4,2549.94,2551.87,2524.11,2444.95,335889984
2017-11-24,2549.69,2576.42,2541.53,2574.44,2557.22,2534.38,2452.36,190140000
2017-12-01,2574.44,2631.35,2569.98,2617,2570.18,2548.68,2460.61,521040000
2017-12-08,2627.39,2638.03,2593.24,2624.15,2583.74,2562.06,2469.4,401720000
2017-12-15,2625.14,2653.07,2621.93,2651.84,2603.47,2575.35,2479.35,516460000
2017-12-22,2652.83,2667.66,2648.87,2655.79,2624.64,2588.26,2488.37,388540000
2017-12-29,2656.53,2667.9,2637.75,2645.91,2638.94,2598.08,2496.27,244120000
2018-01-05,2645.16,2712.4,2644.42,2711.66,2657.87,2614.03,2506.6,340889984
2018-01-12,2710.92,2758.62,2705.72,2757.39,2684.52,2634.13,2518.36,337320000
2018-01-19,2758.38,2783.34,2738.11,2779.39,2710.03,2656.75,2530.73,461460000
2018-01-26,2772.47,2843.66,2770.49,2842.17,2747.3,2685.97,2545.65,515549984
2018-02-02,2841.93,2846.13,2724.26,2725.75,2763.27,2701.1,2556.64,604140032
2018-02-09,2725.99,2731.93,2500.56,2589.55,2738.85,2698.36,2561.98,1350000000
2018-02-16,2598.69,2723.77,2590.53,2704.24,2728.22,2706.37,2570.71,617320000
2018-02-23,2703.75,2719.32,2651.84,2717.84,2715.91,2712.97,2579.86,388529984
2018-03-02,2720.56,2758.38,2617.23,2659.99,2679.47,2713.39,2587.03,623440000
2018-03-09,2653.07,2755.54,2633.79,2752.33,2684.79,2724.03,2598.32,444110016
2018-03-16,2752.33,2770.59,2709.15,2720.01,2710.88,2724.87,2608.98,453569984
2018-03-23,2720.26,2720.5,2552.23,2563.83,2682.8,2705.51,2613.92,580000000
2018-03-30,2561.11,2644.76,2557.17,2608.49,2660.93,2688.42,2619.29,542590016
2018-04-06,2600.59,2637.35,2518.68,2571.72,2643.28,2661.37,2623.82,692129984
2018-04-13,2573.45,2645.5,2573.45,2622.55,2617.32,2651.06,2628.85,456129984
2018-04-20,2638.34,2683,2625.02,2636.61,2600.64,2655.76,2634.27,363000000
2018-04-27,2647.96,2653.39,2577.15,2636.61,2615.2,2649,2639.14,407070016
2018-05-04,2635.63,2647.22,2557.41,2628.23,2619.15,2640.04,2642.78,470289984
2018-05-11,2627.98,2696.82,2617.62,2693.86,2643.57,2643.42,2648.36,314409984
2018-05-18,2691.64,2705.45,2665.24,2677.57,2654.58,2635.95,2652.69,316670016
2018-05-25,2693.12,2705.95,2669.18,2682.75,2663.8,2632.22,2657.04,308100000
2018-06-01,2693.36,2701.26,2640.07,2698.05,2676.09,2645.65,2661.76,350369984
2018-06-08,2695.34,2743.44,2693.36,2742.46,2698.94,2659.04,2668.07,304360000
2018-06-15,2736.79,2755.76,2725.7,2744.43,2709.05,2676.31,2674.55,407430016
2018-06-22,2739.99,2746.64,2696.38,2719.79,2717.49,2686.04,2679.4,331910016
2018-06-29,2717.32,2718.31,2654.49,2682.33,2717.41,2690.61,2681.58,485889984
2018-07-06,2681.84,2726.44,2659.66,2723.24,2722.45,2699.27,2684.88,229160000
2018-07-13,2722.25,2766.85,2722,2762.91,2726.54,2712.74,2688.58,287929984
2018-07-20,2764.39,2777.69,2749.6,2760.44,2729.74,2719.4,2692.07,288889984
2018-07-27,2764.88,2808.49,2752.31,2776.95,2741.17,2729.33,2696.44,328660000
2018-08-03,2775.47,2800.61,2750.83,2798.64,2764.43,2740.92,2699.34,303529984
2018-08-10,2800.61,2822.54,2785.33,2795.92,2778.97,2750.71,2700.62,237510000
2018-08-17,2794.94,2815.88,2762.66,2811.2,2788.63,2757.58,2701.68,348089984
2018-08-24,2810.71,2836.09,2805.29,2835.35,2803.61,2766.68,2701.45,258770000
2018-08-31,2836.33,2875.51,2835.35,2860.24,2820.27,2780.72,2705.94,292870016
2018-09-07,2864.67,2870.58,2823.77,2833.38,2827.22,2795.83,2714.07,269480000
2018-09-14,2832.39,2870.3,2825.99,2864.64,2840.96,2809.97,2719.41,266670000
2018-09-21,2862.18,2899.57,2837.09,2886.53,2856.03,2822.33,2725.04,385100000
2018-09-28,2882.35,2888.75,2860.7,2872.02,2863.36,2833.49,2732.1,306860000
2018-10-05,2875.46,2897.36,2827.01,2847.42,2860.8,2840.53,2735.27,391529984
2018-10-12,2850.87,2853.33,2668.6,2723.94,2838.91,2833.06,2735.4,834840000
2018-10-19,2725.42,2778.79,2701.07,2722.96,2810.57,2825.77,2740.71,605600000
2018-10-26,2713.61,2737.22,2584.97,2626.54,2758.58,2807.3,2741.31,746209984
2018-11-02,2624.08,2721.73,2561.11,2680.4,2720.25,2791.81,2744.93,668289984
2018-11-09,2678.68,2772.65,2669.09,2734.27,2697.62,2779.21,2748.66,392860000
2018-11-16,2734.03,2750.26,2628.26,2698.85,2692.6,2765.76,2750.73,584960000
2018-11-23,2689.01,2703.77,2583.74,2587.18,2665.45,2738.01,2749.08,357449984
2018-11-30,2591.11,2720.25,2589.15,2713.86,2682.91,2720.74,2751.94,463660000
2018-12-07,2748.54,2768.71,2579.06,2593.57,2665.55,2692.9,2748.59,646209984
2018-12-14,2582.75,2643.26,2541.43,2559.71,2630.63,2664.13,2744.67,584550016
2018-12-21,2549.88,2570.76,2366.9,2371.08,2565.08,2628.84,2734.28,1020000000
2018-12-28,2365.43,2478.66,2276.03,2442.31,2536.1,2600.78,2725.75,705160000
2019-01-04,2451.64,2494.62,2395.64,2486.76,2490.69,2586.8,2717.23,557990016
2019-01-11,2492.65,2553.81,2478.9,2549.39,2481.85,2573.7,2710.73,471340000
2019-01-18,2543,2630.69,2522.13,2624.55,2494.82,2562.72,2707.55,457769984
2019-01-25,2622.33,2626.51,2566.58,2616.69,2543.94,2554.51,2705.36,357649984
2019-02-01,2613.25,2668.26,2576.16,2656.72,2586.82,2561.46,2703.15,434020000
2019-02-08,2651.81,2689.63,2633.63,2658.68,2621.2,2555.94,2699.67,369920000
2019-02-15,2663.11,2729.66,2653.04,2728.19,2656.97,2569.41,2698.6,385889984
2019-02-22,2728.19,2748.82,2715.67,2742.19,2680.49,2587.66,2697.44,278060000
2019-03-01,2750.3,2764.54,2726.23,2755.7,2708.3,2626.12,2696.01,330950016
2019-03-08,2764.54,2770.19,2673.27,2698.28,2716.61,2651.71,2692.75,421329984
2019-03-15,2696.8,2781.13,2688.23,2774.51,2739.77,2680.49,2691.53,374230016
2019-03-22,2771.81,2810.05,2750.49,2755.88,2745.31,2701.14,2688.88,439289984
2019-03-29,2758.08,2785.29,2735.04,2782.35,2753.34,2716.92,2686.28,364350016
2019-04-05,2788.97,2841.43,2788.97,2839.46,2770.1,2739.2,2686.49,293550016
2019-04-12,2839.71,2857.85,2821.08,2855.64,2801.57,2759.09,2686.19,297129984
2019-04-19,2855.15,2866.43,2833.09,2853.19,2817.31,2778.54,2685.08,228730000
2019-04-26,2851.97,2885.3,2842.41,2884.08,2842.95,2794.13,2685.48,251490000
2019-05-03,2881.87,2903.44,2844.37,2889.96,2864.47,2808.9,2686.9,331560000
2019-05-10,2860.79,2880.89,2770.83,2830.64,2862.7,2816.4,2690.45,559400000
2019-05-17,2802.7,2837.5,2745.09,2806.13,2852.8,2827.18,2693.22,455350016
2019-05-24,2805.64,2820.35,2750.98,2776.47,2837.45,2827.38,2698.22,313209984
2019-05-31,2775.73,2785.78,2696.31,2698.77,2800.39,2821.67,2698.83,324390016
2019-06-07,2687.49,2829.9,2675.48,2818.87,2786.18,2825.32,2701.65,388529984
2019-06-14,2836.77,2854.66,2811.54,2834.3,2786.91,2824.8,2706.17,267810000
2019-06-21,2834.55,2907.25,2828.67,2888.89,2803.46,2828.13,2716.23,403190016
2019-06-28,2886.44,2899.9,2853.64,2882.77,2824.72,2831.09,2721.86,280900000
2019-07-05,2907.98,2943.23,2893.79,2928.05,2870.58,2835.49,2733.01,233200000
2019-07-12,2928.3,2954.98,2901.62,2952.53,2897.31,2841.74,2746.1,236780000
2019-07-19,2952.29,2960.37,2907.49,2914.84,2913.42,2850.16,2764.23,241360000
2019-07-26,2912.39,2966.24,2910.43,2961.34,2927.91,2865.68,2781.53,236040000
2019-08-02,2958.9,2964.28,2852.66,2871.27,2925.61,2875.16,2794.34,447620000
2019-08-09,2868.08,2879.34,2717.79,2858.78,2911.75,2891.17,2804.66,621470016
2019-08-16,2857.8,2882.77,2758.91,2831.12,2887.47,2892.39,2811.54,483700000
2019-08-23,2832.59,2878.36,2774.82,2795.87,2863.68,2888.55,2817.52,356070016
2019-08-30,2771.88,2884.97,2751.57,2863.68,2844.14,2886.03,2824.41,321700000
2019-09-06,2840.42,2925.85,2828.67,2918.51,2853.59,2889.6,2833.08,249180000
2019-09-13,2918.02,2960.84,2895.5,2943.96,2870.63,2891.19,2840.27,313040000
2019-09-20,2932.46,2959.62,2916.81,2925.37,2889.48,2888.47,2846.37,350840000
2019-09-27,2931.49,2947.63,2883.05,2900.17,2910.34,2887.01,2851.19,361849984
2019-10-04,2912.16,2930.26,2793.76,2887.7,2915.14,2879.64,2857.5,419590016
2019-10-11,2866.9,2929.77,2819.93,2907.02,2912.84,2883.22,2861.92,386420000
2019-10-18,2904.33,2943.47,2890.39,2924.15,2908.88,2889.75,2867.53,250070000
2019-10-25,2920.72,2961.58,2918.03,2955.46,2914.9,2902.19,2873.3,204640000
2019-11-01,2958.15,2999.25,2955.46,2997.54,2934.37,2922.36,2878.57,276270016
2019-11-08,2999.01,3030.56,2997.29,3024.2,2961.67,2938.41,2884.19,253370000
2019-11-15,3024.2,3052.58,3008.55,3051.36,2990.54,2951.69,2890.79,251590000
2019-11-22,3052.09,3065.3,3024.45,3044.75,3014.66,2961.77,2896.15,296470016
2019-11-29,3052.09,3087.32,3049.65,3076.31,3038.83,2976.87,2902.36,167880000
2019-12-06,3078.76,3090.26,3003.65,3078.51,3055.03,2994.7,2910.62,290209984
2019-12-13,3079,3117.13,3049.4,3104.42,3071.07,3016.37,2920.57,319670016
2019-12-20,3108.57,3157.46,3106.13,3153.79,3091.56,3041.05,2933.14,426889984
2019-12-27,3155.01,3181.41,3150.61,3165.28,3115.66,3065.16,2948.69,146860000
2020-01-03,3166.01,3190.7,3135.22,3163.32,3133.07,3085.95,2960.18,243930000
2020-01-10,3148.42,3213.68,3110.04,3191.92,3155.75,3105.39,2972.1,268680000
2020-01-17,3192.9,3255.96,3192.66,3250.83,3185.03,3128.05,2984.16,332249984
2020-01-24,3250.83,3263.05,3207.32,3220.03,3198.28,3144.92,2995.4,266200000
2020-01-31,3196.81,3223.94,3141.08,3152.08,3195.64,3155.65,3002.87,391270016
2020-02-07,3150.86,3282.85,3150.13,3251.32,3213.24,3173.15,3012.83,312270016
2020-02-14,3248.14,3312.91,3229.81,3305.58,3235.97,3195.86,3025.85,260010000
2020-02-21,3306.8,3321.71,3253.76,3264.76,3238.75,3211.89,3035.97,294110016
2020-02-28,3235.19,3238.12,2789.6,2885.17,3171.78,3185.03,3036.43,1240000000
2020-03-06,2835.31,3067.02,2824.8,2897.88,3120.94,3158.29,3037.74,1130000000
2020-03-13,2850.95,2850.95,2336.5,2634.95,2997.67,3105.45,3031.2,1560000000
2020-03-20,2583.4,2601.57,2218.69,2246.67,2785.89,3010.93,3012.89,1520000000
2020-03-27,2179.67,2586.35,2134.27,2477.87,2628.51,2933.63,3000.03,1340000000
2020-04-03,2414.06,2587.58,2380.43,2437.37,2538.95,2855.37,2983.99,868620032
2020-04-10,2439.58,2758.15,2439.34,2728.95,2505.16,2813.05,2976.82,733550016
2020-04-17,2759.62,2832.27,2661.45,2817.55,2541.68,2769.67,2973.23,649240000
2020-04-24,2809.2,2822.95,2667.59,2777.79,2647.9,2716.9,2969.15,509900000
2020-05-01,2777.29,2910.81,2760.36,2770.18,2706.37,2667.44,2965.23,549990016
2020-05-08,2738.03,2879.39,2720.35,2874.98,2793.89,2666.42,2964.17,385950016
2020-05-15,2867.37,2893.14,2709.8,2794.48,2806.99,2656.08,2959.84,553230016
2020-05-22,2807.48,2921.85,2797.91,2899.03,2823.29,2682.48,2957.96,443620000
2020-05-29,2894.61,3009.47,2893.63,2986.4,2865.01,2756.46,2957.59,403800000
2020-06-05,2974.38,3151.82,2953.02,3128.51,2936.68,2821.52,2961.07,449929984
2020-06-12,3134.15,3172.19,2926.34,2978.3,2957.34,2875.61,2958.63,650040000
2020-06-19,2938.41,3108.81,2879.8,3013.51,3001.15,2904.07,2957.59,573190016
2020-06-26,2994.55,3098.47,2947.52,2961.8,3013.71,2918.5,2953.77,493360000
2020-07-03,2941.36,3109.06,2938.66,3081.97,3032.82,2948.92,2953.89,334910016
2020-07-10,3074.34,3136.14,3058.58,3130.72,3033.26,2984.97,2954.77,340169984
2020-07-17,3135.65,3184.65,3072.12,3165.69,3070.74,3014.04,2955.16,401249984
2020-07-24,3166.18,3235.13,3142.3,3155.84,3099.21,3050.18,2954.85,321110016
2020-07-31,3162.49,3224.54,3144.02,3214.45,3149.73,3081.72,2956.55,301310016
2020-08-07,3222.82,3297.43,3205.83,3294.48,3192.24,3112.53,2959.97,238850000
2020-08-14,3296.69,3331.66,3269.61,3310.97,3228.29,3130.77,2961.98,256790000
2020-08-21,3315.41,3345.2,3294.48,3341.51,3263.45,3167.09,2966.02,239580000
2020-08-28,3347.66,3456.75,3342.49,3451.82,3322.65,3210.93,2976.02,244470000
2020-09-04,3455.76,3533.08,3297.43,3366.13,3352.98,3251.36,2979.84,477809984
2020-09-11,3369.09,3395.19,3245.97,3283.2,3350.73,3271.48,2979.1,381180000
2020-09-18,3299.74,3378.29,3241.21,3276.28,3343.79,3286.04,2979.48,398140000
2020-09-25,3274.55,3286.16,3159.46,3247.63,3325.01,3294.23,2991.56,403929984
2020-10-02,3251.34,3347.17,3247.88,3299,3294.45,3308.55,3004.93,398329984
2020-10-09,3319.5,3438.06,3290.36,3431.39,3307.5,3330.24,3031.48,297609984
2020-10-16,3425.71,3498.32,3390.14,3420.52,3334.96,3342.85,3070.61,361460000
2020-10-23,3429.17,3454.36,3361.49,3410.15,3361.74,3352.76,3101.69,296600000
2020-10-30,3404.22,3404.71,3186.13,3225.4,3357.29,3341.15,3127.95,495609984
2020-11-06,3220.71,3480.04,3204.16,3458.56,3389.2,3341.83,3152.27,463329984
2020-11-13,3480.04,3623.79,3464.24,3538.83,3410.69,3359.1,3176.32,447580000
2020-11-20,3543.77,3593.17,3499.56,3511.41,3428.87,3381.92,3200.77,341600000
2020-11-27,3503.76,3610.95,3502.77,3592.67,3465.37,3413.56,3228.19,199490000
2020-12-04,3599.83,3655.41,3548.95,3653.43,3550.98,3454.14,3254.14,317940000
2020-12-11,3650.22,3669.98,3585.16,3617.59,3582.79,3485.99,3281.57,280940000
2020-12-18,3633.93,3686.41,3600.51,3669.82,3608.99,3509.84,3307.27,392369984
2020-12-25,3681.71,3687.4,3560.66,3658.68,3638.44,3533.65,3329.68,217430000
2021-01-01,3645.81,3716.11,3639.87,3711.91,3662.29,3563.83,3349.12,220660000
2021-01-08,3711.91,3786.91,3616.6,3779.98,3687.6,3619.29,3375.85,425080000
2021-01-15,3778,3783.2,3704.73,3725.27,3709.13,3645.96,3399.57,306180000
2021-01-22,3713.14,3821.82,3703.74,3796.57,3734.48,3671.73,3427.4,213160000
2021-01-29,3797.8,3824.29,3649.28,3668.83,3736.51,3687.48,3446.96,457380000
2021-02-05,3655.96,3850.04,3620.56,3842.11,3762.55,3712.42,3470.67,288510016
2021-02-12,3850.78,3897.56,3840.13,3892.37,3785.03,3736.31,3494.89,226580000
2021-02-19,3897.81,3920.34,3842.36,3864.64,3812.9,3761.02,3518.52,246730000
2021-02-26,3867.12,3895.83,3747.8,3771.76,3807.94,3771.21,3537.1,546499968
2021-03-05,3779.73,3873.55,3683.93,3801.27,3834.43,3785.47,3553.99,640360000
2021-03-12,3816.86,3919.95,3758.94,3903.87,3846.78,3804.67,3573.75,497580000
2021-03-19,3908.53,3949.23,3846.49,3871.11,3842.53,3813.78,3591.41,474249984
2021-03-26,3864.86,3938.81,3814.97,3935.63,3856.73,3834.82,3607.53,492590016
2021-04-02,3933.1,4008.29,3899.85,3980.4,3898.45,3853.2,3628.01,396790016
2021-04-09,4000.35,4091.18,3991.42,4089.19,3956.04,3895.23,3654.88,328510016
2021-04-16,4083.98,4152.72,4071.08,4145.57,4004.38,3925.58,3683.85,317180000
2021-04-23,4134.36,4155.95,4080.26,4140.81,4058.32,3950.43,3713.63,398000000
2021-04-30,4140.07,4180.02,4133.12,4143.69,4099.93,3978.33,3741.78,318800000
2021-05-07,4150.74,4201.11,4090.19,4194.11,4142.68,4020.57,3767.21,371940000
2021-05-14,4195.65,4207.07,3999.61,4138.23,4152.48,4054.26,3791.13,522150016
2021-05-21,4138.33,4154.21,4025.66,4121.25,4147.62,4076,3814.83,386009984
2021-05-28,4120.96,4186.47,4112.02,4171.48,4153.75,4106.04,3846.37,267140000
2021-06-04,4175.55,4200.86,4134.61,4197.19,4164.45,4132.19,3870.99,217390000
2021-06-11,4201.11,4217.91,4174.81,4215.02,4168.64,4155.66,3893.53,243720000
2021-06-18,4216.91,4236.56,4119.66,4132.35,4167.46,4159.97,3914.23,383880000
2021-06-25,4121.4,4254.97,4105.73,4249.55,4193.12,4170.37,3936.12,283209984
2021-07-02,4253.23,4324.86,4242.53,4320.68,4222.96,4188.36,3958.37,265100000
2021-07-09,4318.89,4341.77,4257.46,4337.69,4251.06,4207.76,3982.37,306089984
2021-07-16,4339.78,4362.17,4292.28,4296.6,4267.38,4218.01,4003.26,300929984
2021-07-23,4298,4385.8,4202.49,4380.67,4317.04,4242.25,4027.33,423960000
2021-07-30,4378.09,4399.98,4342.52,4367.14,4340.56,4266.84,4049.17,279980000
2021-08-06,4374.11,4410.67,4343.02,4406.84,4357.79,4290.38,4070.06,249470000
2021-08-13,4405.45,4440.52,4389.78,4439.77,4378.21,4314.63,4093.88,207010000
2021-08-20,4433.55,4453.7,4325.61,4414.3,4401.75,4334.56,4114.47,420780000
2021-08-27,4412.41,4487.03,4410.92,4482.65,4422.14,4369.59,4141.6,269310016
2021-09-03,4485.79,4526.33,4477.83,4511.31,4450.98,4395.77,4163.91,246440000
2021-09-10,4509.91,4524.84,4433.74,4435.48,4456.7,4407.25,4182.01,255770000
2021-09-17,4438.22,4469.88,4393.11,4408.36,4450.42,4414.31,4200.13,436940000
2021-09-24,4398.35,4441.46,4280.7,4432.24,4454.01,4427.88,4222.15,499809984
2021-10-01,4432.49,4458.41,4247.06,4330.55,4423.59,4422.87,4239.79,543880000
2021-10-08,4335.79,4408.07,4254.53,4368.94,4395.12,4423.04,4255.29,479280000
2021-10-15,4367.69,4453.93,4304.13,4448.94,4397.81,4427.25,4274.56,345889984
2021-10-22,4451.93,4537.67,4422.77,4522.72,4420.68,4435.55,4294.13,258930000
2021-10-29,4514.99,4589.51,4508.76,4583.03,4450.84,4452.42,4314.21,295329984
2021-11-05,4594,4697.43,4572.56,4676,4519.92,4471.76,4333.77,269089984
2021-11-12,4664.28,4692.7,4611.2,4664.04,4578.94,4487.03,4351.06,259300000
2021-11-19,4670.52,4709.15,4652.82,4680.24,4625.2,4511.51,4369.04,251640000
2021-11-26,4686.72,4726.1,4563.34,4581.79,4637.02,4528.85,4383.64,320500000
2021-12-03,4575.06,4655.56,4478.35,4523.71,4625.15,4537.99,4394.63,632280000
2021-12-10,4528.45,4697.7,4517.73,4695.95,4629.15,4574.54,4413.22,405129984
2021-12-17,4696.95,4735.64,4582.64,4602.6,4616.86,4597.9,4429.26,554089984
2021-12-24,4604.6,4723.66,4513,4708.18,4622.45,4623.83,4447.15,292270016
2021-12-31,4709.43,4792.05,4705.69,4750.87,4656.26,4646.64,4465.61,279150016
2022-01-07,4763.35,4800.54,4646.28,4660.26,4683.57,4654.36,4480.45,420360000
2022-01-14,4663.76,4731.9,4565.41,4647.28,4673.84,4651.49,4497.61,448329984
2022-01-21,4658.51,4664.26,4374.22,4382.96,4629.91,4623.38,4502.06,543880000
2022-01-28,4381.96,4439.12,4205.99,4416.15,4571.5,4596.98,4505.24,921219968
2022-02-04,4416.4,4578.64,4388.45,4485.29,4518.39,4587.33,4510.16,629249984
2022-02-11,4489.79,4577.64,4386.2,4402.43,4466.82,4575.2,4513.69,551390016
2022-02-18,4404.67,4477.31,4314.07,4336.53,4404.67,4539.26,4512.22,531429984
2022-02-25,4317.31,4384.21,4095.17,4372.97,4402.68,4516.29,4512.41,592720000
2022-03-04,4292.6,4411.66,4244.68,4320.31,4383.51,4477.51,4509.53,620710016
2022-03-11,4301.84,4328.41,4132.11,4194.11,4325.27,4421.83,4501.34,609270016
2022-03-18,4208.37,4467.47,4131.09,4455.21,4335.83,4401.33,4502.7,555929984
2022-03-25,4461.72,4540.75,4416.7,4538.25,4376.17,4390.42,4504.56,384260000
2022-04-01,4536.99,4632.78,4502.98,4541,4409.77,4406.23,4505.55,445529984
2022-04-08,4540,4590.52,4446.21,4485.23,4442.76,4413.13,4507.21,398080000
2022-04-15,4490.48,4492.98,4377.18,4389.19,4481.77,4403.52,4506.57,346070016
2022-04-22,4391.69,4510.73,4249.13,4268.89,4444.51,4390.17,4501.12,426940000
2022-04-29,4260.64,4305.16,4120.33,4129.09,4362.68,4369.42,4494.41,596609984
2022-05-06,4145.59,4304.66,4057.56,4121.08,4278.7,4344.24,4486.14,727289984
2022-05-13,4088.82,4100.58,3856.48,4021.3,4185.91,4314.33,4471.89,659710016
2022-05-20,4026.55,4096.58,3808.96,3901,4088.27,4285.02,4451.16,509270016
2022-05-27,3912,4169.85,3873.49,4157.35,4065.96,4255.24,4436.98,426270016
2022-06-03,4166.1,4203.87,4073.07,4108.58,4061.86,4212.27,4418.06,334009984
2022-06-10,4112.08,4169.85,3896.75,3900.5,4017.75,4148.22,4392.61,400310016
2022-06-17,3877.25,3878.5,3639,3675.75,3948.64,4067.27,4359.13,645270016
2022-06-24,3684,3919.75,3661.5,3916.25,3951.69,4019.98,4336.94,344209984
2022-07-01,3915,3950,3741.25,3827.25,3885.67,3975.81,4313.73,405720000
2022-07-08,3828.5,3922,3744,3901.25,3844.2,3953.03,4287.24,288790016
2022-07-15,3900,3900.75,3723.75,3865,3837.1,3927.42,4262.65,373580000
2022-07-22,3878.5,4016.25,3820.25,3965,3894.95,3921.79,4237.88,350649984
2022-07-29,3967.75,4144,3913.25,4133.5,3938.4,3945.04,4217.3,349889984
2022-08-05,4137.5,4173.25,4080.5,4146.75,4002.3,3943.98,4200.18,303720000
2022-08-12,4149.75,4282.75,4113,4281,4078.25,3961.23,4187.97,288809984
2022-08-19,4277,4327.5,4220.75,4231.5,4151.55,3994.32,4182.92,293940000
2022-08-26,4221,4221.5,4042.75,4059.5,4170.45,4032.7,4171.04,330009984
2022-09-02,4024,4072.75,3903.5,3924.5,4128.65,4033.52,4152.34,405430016
2022-09-08,3929,4010.75,3883.5,3987,4096.7,4049.5,4138.49,214469552
